event_id;stage;snes_id;texte_source_snes_usa;est_non_mappe_alignement;raison_evenement_exclu;commentaire_utilisateur
0012;alignment_incomplete;C9:090A;Don't come with me! ⏎;oui;C9:090A: insufficient_lexical_confidence;
0013;alignment_incomplete;C9:0923;⏎  The troops I sent to fight ⏎  the witch were captured...;oui;C9:0923: insufficient_lexical_confidence;
001E;alignment_incomplete;C9:0970;⏎ JEHK:Sage Joch;oui;C9:0970: insufficient_lexical_confidence;
001F;alignment_incomplete;C9:0983;JEHK:Go away! ⏎  The Sage is out! ⏎;oui;C9:0983: insufficient_lexical_confidence;
0020;alignment_incomplete;C9:09A7;All:What luck...;oui;C9:09A7: insufficient_lexical_confidence | C9:09B9: insufficient_lexical_confidence;
0020;alignment_incomplete;C9:09B9;has left ⏎  for Tasnica. The Republic's to the west of here.;oui;C9:09A7: insufficient_lexical_confidence | C9:09B9: insufficient_lexical_confidence;
0021;alignment_incomplete;C9:09F8;All:WHAT!?;oui;C9:09F8: insufficient_lexical_confidence;
0021;alignment_incomplete;C9:0A04;went to the ⏎ Palace of Darkness. ⏎ You saw it on the way here.;non;C9:09F8: insufficient_lexical_confidence;
0022;alignment_incomplete;C9:0A44;All:Where is Joch?;oui;C9:0A44: insufficient_context_or_segmentation | C9:0A58: insufficient_lexical_confidence;
0022;alignment_incomplete;C9:0A58;left for ⏎  the Gold Isle. ⏎  It's northeast of here.;oui;C9:0A44: insufficient_context_or_segmentation | C9:0A58: insufficient_lexical_confidence;
0023;alignment_incomplete;C9:0A8E;All:Surprise...;oui;C9:0A8E: insufficient_lexical_confidence;
0023;alignment_incomplete;C9:0A9F;went to the ⏎  Moon Palace.;non;C9:0A8E: insufficient_lexical_confidence;
0023;alignment_incomplete;C9:0ABB;It floats eerily in the ⏎  Sea of Wonders at ⏎  Kakkara Desert's end...;non;C9:0A8E: insufficient_lexical_confidence;
002F;alignment_incomplete;C9:0D94;PHANNA:;oui;C9:0D94: ambiguous_exact_duplicates_with_different_french;
002F;alignment_incomplete;C9:0D9D;! Thanks! ⏎  Hope you see Dyluck soon!;non;C9:0D94: ambiguous_exact_duplicates_with_different_french;
0040;alignment_incomplete;C9:0F4D;⏎ Please name this young lady.;non;C9:0FA2: insufficient_lexical_confidence;
0040;alignment_incomplete;C9:0F75;:Okay! ⏎  You can call me;non;C9:0FA2: insufficient_lexical_confidence;
0040;alignment_incomplete;C9:0FA2;joined!;oui;C9:0FA2: insufficient_lexical_confidence;
0041;alignment_incomplete;C9:0FC1;Please name ⏎;oui;C9:0FC1: insufficient_lexical_confidence | C9:0FCF: insufficient_context_or_segmentation | C9:0FF1: insufficient_lexical_confidence | C9:1011: insufficient_lexical_confidence | C9:1043: insufficient_lexical_confidence;
0041;alignment_incomplete;C9:0FCF;this little sprite! ⏎;oui;C9:0FC1: insufficient_lexical_confidence | C9:0FCF: insufficient_context_or_segmentation | C9:0FF1: insufficient_lexical_confidence | C9:1011: insufficient_lexical_confidence | C9:1043: insufficient_lexical_confidence;
0041;alignment_incomplete;C9:0FF1;? What kinda ⏎  name is that? ⏎;oui;C9:0FC1: insufficient_lexical_confidence | C9:0FCF: insufficient_context_or_segmentation | C9:0FF1: insufficient_lexical_confidence | C9:1011: insufficient_lexical_confidence | C9:1043: insufficient_lexical_confidence;
0041;alignment_incomplete;C9:1011;Like, ah, nice to meet ya!;oui;C9:0FC1: insufficient_lexical_confidence | C9:0FCF: insufficient_context_or_segmentation | C9:0FF1: insufficient_lexical_confidence | C9:1011: insufficient_lexical_confidence | C9:1043: insufficient_lexical_confidence;
0041;alignment_incomplete;C9:1043;joined!;oui;C9:0FC1: insufficient_lexical_confidence | C9:0FCF: insufficient_context_or_segmentation | C9:0FF1: insufficient_lexical_confidence | C9:1011: insufficient_lexical_confidence | C9:1043: insufficient_lexical_confidence;
0042;alignment_incomplete;C9:1057;Well, let's go!;oui;C9:1057: insufficient_lexical_confidence | C9:107E: insufficient_lexical_confidence;
0042;alignment_incomplete;C9:107E;joined!;oui;C9:1057: insufficient_lexical_confidence | C9:107E: insufficient_lexical_confidence;
0050;alignment_incomplete;C9:10A5;Save your game? ⏎;oui;C9:10A5: ambiguous_exact_duplicates_with_different_french;
0050;alignment_incomplete;C9:10BC;Yes;non;C9:10A5: ambiguous_exact_duplicates_with_different_french;
0050;alignment_incomplete;C9:10C1;No  );non;C9:10A5: ambiguous_exact_duplicates_with_different_french;
0062;simulator_rejected;C9:1176;Neko:Really? Nya ha! ⏎  What'll it be? ⏎  (;non;"UNSUPPORTED_LAYOUT_COMMAND: Simulator does not yet model CHOICE_BEGIN ; event must remain review-only. | UNSUPPORTED_LAYOUT_COMMAND: Simulator does not yet model CHOICE_OPTION 03; event must remain review-only. | UNSUPPORTED_LAYOUT_COMMAND: Simulator does not yet model CHOICE_OPTION 0A; event must remain review-only. | UNSUPPORTED_LAYOUT_COMMAND: Simulator does not yet model CHOICE_END ; event must remain review-only.";
0062;simulator_rejected;C9:11A0;Stay;non;"UNSUPPORTED_LAYOUT_COMMAND: Simulator does not yet model CHOICE_BEGIN ; event must remain review-only. | UNSUPPORTED_LAYOUT_COMMAND: Simulator does not yet model CHOICE_OPTION 03; event must remain review-only. | UNSUPPORTED_LAYOUT_COMMAND: Simulator does not yet model CHOICE_OPTION 0A; event must remain review-only. | UNSUPPORTED_LAYOUT_COMMAND: Simulator does not yet model CHOICE_END ; event must remain review-only.";
0062;simulator_rejected;C9:11A6;Shop );non;"UNSUPPORTED_LAYOUT_COMMAND: Simulator does not yet model CHOICE_BEGIN ; event must remain review-only. | UNSUPPORTED_LAYOUT_COMMAND: Simulator does not yet model CHOICE_OPTION 03; event must remain review-only. | UNSUPPORTED_LAYOUT_COMMAND: Simulator does not yet model CHOICE_OPTION 0A; event must remain review-only. | UNSUPPORTED_LAYOUT_COMMAND: Simulator does not yet model CHOICE_END ; event must remain review-only.";
0064;simulator_rejected;C9:11F3;30 GP/night would be ⏎  purrrfect. Meow? ⏎;non;"UNSUPPORTED_LAYOUT_COMMAND: Simulator does not yet model CHOICE_BEGIN ; event must remain review-only. | UNSUPPORTED_LAYOUT_COMMAND: Simulator does not yet model CHOICE_OPTION 05; event must remain review-only. | UNSUPPORTED_LAYOUT_COMMAND: Simulator does not yet model CHOICE_OPTION 0A; event must remain review-only. | UNSUPPORTED_LAYOUT_COMMAND: Simulator does not yet model CHOICE_END ; event must remain review-only.";
0064;simulator_rejected;C9:1221;Yes;non;"UNSUPPORTED_LAYOUT_COMMAND: Simulator does not yet model CHOICE_BEGIN ; event must remain review-only. | UNSUPPORTED_LAYOUT_COMMAND: Simulator does not yet model CHOICE_OPTION 05; event must remain review-only. | UNSUPPORTED_LAYOUT_COMMAND: Simulator does not yet model CHOICE_OPTION 0A; event must remain review-only. | UNSUPPORTED_LAYOUT_COMMAND: Simulator does not yet model CHOICE_END ; event must remain review-only.";
0064;simulator_rejected;C9:1226;No  );non;"UNSUPPORTED_LAYOUT_COMMAND: Simulator does not yet model CHOICE_BEGIN ; event must remain review-only. | UNSUPPORTED_LAYOUT_COMMAND: Simulator does not yet model CHOICE_OPTION 05; event must remain review-only. | UNSUPPORTED_LAYOUT_COMMAND: Simulator does not yet model CHOICE_OPTION 0A; event must remain review-only. | UNSUPPORTED_LAYOUT_COMMAND: Simulator does not yet model CHOICE_END ; event must remain review-only.";
0065;alignment_incomplete;C9:1236;Purrfectly priceless ⏎  items available! ⏎  (;oui;C9:1236: insufficient_context_or_segmentation;
0065;alignment_incomplete;C9:1263;Buy;non;C9:1236: insufficient_context_or_segmentation;
0065;alignment_incomplete;C9:1268;Sell );non;C9:1236: insufficient_context_or_segmentation;
0081;formatter_rejected;C9:12C2;:Luka! ⏎;non;C9:135F: Unsupported editable dialogue character: '▽';
0081;formatter_rejected;C9:12CD;LUKA:Get out of here fast!;non;C9:135F: Unsupported editable dialogue character: '▽';
0081;formatter_rejected;C9:12EE;GESHTAR:Who have we here? ⏎  I'm Geshtar, of the Empire!;non;C9:135F: Unsupported editable dialogue character: '▽';
0081;formatter_rejected;C9:1327;Hand over that seed or ⏎  Luka's had it! ⏎ LUKA:DON'T!!;non;C9:135F: Unsupported editable dialogue character: '▽';
0081;formatter_rejected;C9:135F;What will you do? ⏎   (;non;C9:135F: Unsupported editable dialogue character: '▽';
0081;formatter_rejected;C9:1379;Hand it over;non;C9:135F: Unsupported editable dialogue character: '▽';
0081;formatter_rejected;C9:1387;Run );non;C9:135F: Unsupported editable dialogue character: '▽';
0083;alignment_incomplete;C9:13BF;GESHTAR:Idiot! ⏎;oui;C9:13BF: insufficient_context_or_segmentation;
0083;alignment_incomplete;C9:13DE;:Ouch! Can't move!;non;C9:13BF: insufficient_context_or_segmentation;
0084;alignment_incomplete;C9:1403;GESHTAR:So glad the seed's ⏎  here. Too bad we have to ⏎  break the seal!;non;C9:1492: insufficient_context_or_segmentation;
0084;alignment_incomplete;C9:144F;LUKA:Stop it! ⏎;non;C9:1492: insufficient_context_or_segmentation;
0084;alignment_incomplete;C9:1460;GESHTAR:Well, nice to have ⏎  met you all!;non;C9:1492: insufficient_context_or_segmentation;
0084;alignment_incomplete;C9:1492;As a little gift I'd like ⏎  you to have my little pet! ⏎  Remember to feed him!;oui;C9:1492: insufficient_context_or_segmentation;
0099;alignment_incomplete;C9:14FE;Need anything? ⏎ (;oui;C9:14FE: insufficient_context_or_segmentation | C9:1512: insufficient_context_or_segmentation;
0099;alignment_incomplete;C9:1512;Watcha got?;oui;C9:14FE: insufficient_context_or_segmentation | C9:1512: insufficient_context_or_segmentation;
0099;alignment_incomplete;C9:151F;Not really. );non;C9:14FE: insufficient_context_or_segmentation | C9:1512: insufficient_context_or_segmentation;
00AA;alignment_incomplete;C9:1547;I'm Pecard, caretaker of ⏎ this lighthouse.;oui;C9:1547: insufficient_lexical_confidence | C9:15FE: insufficient_lexical_confidence;
00AA;alignment_incomplete;C9:1573;To the northeast is a ⏎ coral reef. Under it ⏎ lies a sunken continent.;non;C9:1547: insufficient_lexical_confidence | C9:15FE: insufficient_lexical_confidence;
00AA;alignment_incomplete;C9:15B9;The Mana Palace is really ⏎ a switch that will refloat ⏎ the continent!;non;C9:1547: insufficient_lexical_confidence | C9:15FE: insufficient_lexical_confidence;
00AA;alignment_incomplete;C9:15FE;⏎ The power of the ancients ⏎ must have been incredible!;oui;C9:1547: insufficient_lexical_confidence | C9:15FE: insufficient_lexical_confidence;
00B6;alignment_incomplete;C9:1832;King Manmon lives here. ⏎ The 1st floor is a hotel.;oui;C9:1832: insufficient_context_or_segmentation;
00BC;alignment_incomplete;C9:1984;WATTS:He, he! No one was ⏎  using this place, so...;oui;C9:1984: insufficient_context_or_segmentation;
00C0;alignment_incomplete;C9:1A33;MANMON:Money...MONEY! ⏎  And it's all MINE!;oui;C9:1A33: insufficient_lexical_confidence;
00C4;alignment_incomplete;C9:1A62;Huh!? All gone?;oui;C9:1A62: ambiguous_exact_duplicates_with_different_french;
00CD;alignment_incomplete;C9:1A8A;The Upper Land is huge! ⏎  Reach it by going through ⏎  the great forest.;oui;C9:1A8A: insufficient_context_or_segmentation;
00CE;alignment_incomplete;C9:1AEE;Hi! Travel special: ⏎  50 GP per trip! ⏎ (;non;C9:1B18: insufficient_lexical_confidence | C9:1B25: insufficient_context_or_segmentation;
00CE;alignment_incomplete;C9:1B18;WaterPalace;oui;C9:1B18: insufficient_lexical_confidence | C9:1B25: insufficient_context_or_segmentation;
00CE;alignment_incomplete;C9:1B25;Gaia'sNavel );oui;C9:1B18: insufficient_lexical_confidence | C9:1B25: insufficient_context_or_segmentation;
00CF;alignment_incomplete;C9:1B42;Howdy! ⏎  50 GP per trip! ⏎  (;non;C9:1B60: insufficient_lexical_confidence;
00CF;alignment_incomplete;C9:1B60;Potos;oui;C9:1B60: insufficient_lexical_confidence;
00CF;alignment_incomplete;C9:1B67;Gaia's Navel );non;C9:1B60: insufficient_lexical_confidence;
00D0;alignment_incomplete;C9:1B85;Slap me 50 GP and ⏎  I'll send ya flying! ⏎  (;oui;C9:1B85: insufficient_lexical_confidence | C9:1BBC: ambiguous_exact_duplicates_with_different_french;
00D0;alignment_incomplete;C9:1BB3;Kakkara;non;C9:1B85: insufficient_lexical_confidence | C9:1BBC: ambiguous_exact_duplicates_with_different_french;
00D0;alignment_incomplete;C9:1BBC;Ice Country );oui;C9:1B85: insufficient_lexical_confidence | C9:1BBC: ambiguous_exact_duplicates_with_different_french;
00D1;alignment_incomplete;C9:1BDE;50 GP per trip! Where to? ⏎ (;oui;C9:1BDE: insufficient_lexical_confidence | C9:1BFD: insufficient_lexical_confidence | C9:1C0A: insufficient_lexical_confidence;
00D1;alignment_incomplete;C9:1BFD;WaterPalace;oui;C9:1BDE: insufficient_lexical_confidence | C9:1BFD: insufficient_lexical_confidence | C9:1C0A: insufficient_lexical_confidence;
00D1;alignment_incomplete;C9:1C0A;UpperLand );oui;C9:1BDE: insufficient_lexical_confidence | C9:1BFD: insufficient_lexical_confidence | C9:1C0A: insufficient_lexical_confidence;
00D4;alignment_incomplete;C9:1C75;I'm only selling you stuff ⏎ 'cause the Elder ordered ⏎ it.;oui;C9:1C75: insufficient_context_or_segmentation;
00D5;alignment_incomplete;C9:1CB2;You have to equip new armor ⏎ for it to protect you!;oui;C9:1CB2: insufficient_context_or_segmentation;
00DB;simulator_rejected;C9:1CFE;Whoa, a customer. Nothin' ⏎  much here, though.;non;"UNSUPPORTED_LAYOUT_COMMAND: Simulator does not yet model CHOICE_BEGIN ; event must remain review-only. | UNSUPPORTED_LAYOUT_COMMAND: Simulator does not yet model CHOICE_OPTION 03; event must remain review-only. | IMPLICIT_RUNTIME_HARD_WRAP: Runtime would hard-break before a glyph because of decoded capacity. | UNSUPPORTED_LAYOUT_COMMAND: Simulator does not yet model CHOICE_OPTION 09; event must remain review-only. | UNSUPPORTED_LAYOUT_COMMAND: Simulator does not yet model CHOICE_END ; event must remain review-only. | UNPAUSED_SCROLL: 4 non-empty text lines were rendered since the previous WAIT/box opening; the first new line would scroll away before the player can pause.";
00DB;simulator_rejected;C9:1D35;Buy;non;"UNSUPPORTED_LAYOUT_COMMAND: Simulator does not yet model CHOICE_BEGIN ; event must remain review-only. | UNSUPPORTED_LAYOUT_COMMAND: Simulator does not yet model CHOICE_OPTION 03; event must remain review-only. | IMPLICIT_RUNTIME_HARD_WRAP: Runtime would hard-break before a glyph because of decoded capacity. | UNSUPPORTED_LAYOUT_COMMAND: Simulator does not yet model CHOICE_OPTION 09; event must remain review-only. | UNSUPPORTED_LAYOUT_COMMAND: Simulator does not yet model CHOICE_END ; event must remain review-only. | UNPAUSED_SCROLL: 4 non-empty text lines were rendered since the previous WAIT/box opening; the first new line would scroll away before the player can pause.";
00DB;simulator_rejected;C9:1D3A;Sell );non;"UNSUPPORTED_LAYOUT_COMMAND: Simulator does not yet model CHOICE_BEGIN ; event must remain review-only. | UNSUPPORTED_LAYOUT_COMMAND: Simulator does not yet model CHOICE_OPTION 03; event must remain review-only. | IMPLICIT_RUNTIME_HARD_WRAP: Runtime would hard-break before a glyph because of decoded capacity. | UNSUPPORTED_LAYOUT_COMMAND: Simulator does not yet model CHOICE_OPTION 09; event must remain review-only. | UNSUPPORTED_LAYOUT_COMMAND: Simulator does not yet model CHOICE_END ; event must remain review-only. | UNPAUSED_SCROLL: 4 non-empty text lines were rendered since the previous WAIT/box opening; the first new line would scroll away before the player can pause.";
00DC;alignment_incomplete;C9:1D55;Wanna stay? ⏎  Help yourself to a bed!;non;C9:1DB6: ambiguous_exact_duplicates_with_different_french;
00DC;alignment_incomplete;C9:1D83;Whoa! That'll be 10 GP! ⏎;non;C9:1DB6: ambiguous_exact_duplicates_with_different_french;
00DC;alignment_incomplete;C9:1DA9;Phew, okay!;non;C9:1DB6: ambiguous_exact_duplicates_with_different_french;
00DC;alignment_incomplete;C9:1DB6;Nope! );oui;C9:1DB6: ambiguous_exact_duplicates_with_different_french;
00DF;alignment_incomplete;C9:1DCF;Air delivery for 50 GP! ⏎  (;oui;C9:1DCF: insufficient_lexical_confidence | C9:1DED: ambiguous_exact_duplicates_with_different_french;
00DF;alignment_incomplete;C9:1DED;Water Palace;oui;C9:1DCF: insufficient_lexical_confidence | C9:1DED: ambiguous_exact_duplicates_with_different_french;
00DF;alignment_incomplete;C9:1DFB;Pandora );non;C9:1DCF: insufficient_lexical_confidence | C9:1DED: ambiguous_exact_duplicates_with_different_french;
00E0;alignment_incomplete;C9:1E14;Hey! 50 GP and you're ⏎  outta here! ⏎  (;oui;C9:1E14: insufficient_lexical_confidence;
00E0;alignment_incomplete;C9:1E3D;Matango;non;C9:1E14: insufficient_lexical_confidence;
00E0;alignment_incomplete;C9:1E46;Kakkara );non;C9:1E14: insufficient_lexical_confidence;
00E1;alignment_incomplete;C9:1E5F;Where ya headed? Your ⏎  choice 50 GP! ⏎;oui;C9:1E5F: insufficient_lexical_confidence | C9:1E98: ambiguous_exact_duplicates_with_different_french;
00E1;alignment_incomplete;C9:1E8F;Matango;non;C9:1E5F: insufficient_lexical_confidence | C9:1E98: ambiguous_exact_duplicates_with_different_french;
00E1;alignment_incomplete;C9:1E98;Ice Country );oui;C9:1E5F: insufficient_lexical_confidence | C9:1E98: ambiguous_exact_duplicates_with_different_french;
00E2;alignment_incomplete;C9:1EB5;Helloo! 50 GP'll get ya ⏎  to the Kakkara Desert! ⏎   (;non;C9:1EEC: ambiguous_exact_duplicates_with_different_french;
00E2;alignment_incomplete;C9:1EEC;Nope!;oui;C9:1EEC: ambiguous_exact_duplicates_with_different_french;
00E2;alignment_incomplete;C9:1EF3;Sure! );non;C9:1EEC: ambiguous_exact_duplicates_with_different_french;
00E3;alignment_incomplete;C9:1F03;1:Matango ⏎  2:Ice Country ⏎  3:The Empire;oui;C9:1F03: insufficient_lexical_confidence;
00E3;alignment_incomplete;C9:1F32;1;non;C9:1F03: insufficient_lexical_confidence;
00E3;alignment_incomplete;C9:1F37;2;non;C9:1F03: insufficient_lexical_confidence;
00E3;alignment_incomplete;C9:1F3C;3 );non;C9:1F03: insufficient_lexical_confidence;
00E6;alignment_incomplete;C9:1F92;Hey, hey! Heading back? ⏎  Leave it to me! ⏎;oui;C9:1F92: insufficient_lexical_confidence;
00E7;alignment_incomplete;C9:1FD3;Matango? No problem! ⏎;oui;C9:1FD3: insufficient_lexical_confidence;
00E8;alignment_incomplete;C9:2000;Don't catch cold in ⏎  the Ice Country! ⏎;oui;C9:2000: insufficient_lexical_confidence;
00E9;alignment_incomplete;C9:203E;Keep a low profile while ⏎  in the Empire! ⏎;oui;C9:203E: insufficient_context_or_segmentation;
00EA;alignment_incomplete;C9:207F;Matango? ⏎  Have a safe trip! ⏎;oui;C9:207F: insufficient_lexical_confidence;
00EB;alignment_incomplete;C9:20B8;Make sure ya don't get ⏎  stranded! ⏎;oui;C9:20B8: insufficient_lexical_confidence;
00EC;alignment_incomplete;C9:20F7;All the way to the desert, ⏎  huh? Well... let's try it. ⏎;oui;C9:20F7: insufficient_lexical_confidence;
00ED;alignment_incomplete;C9:2146;Gets pretty cold up there. ⏎;oui;C9:2146: insufficient_lexical_confidence;
00EE;alignment_incomplete;C9:2179;All aboard for Pandora! ⏎;oui;C9:2179: insufficient_lexical_confidence;
00EF;alignment_incomplete;C9:21A9;Hop aboard for Potos. ⏎;oui;C9:21A9: insufficient_lexical_confidence;
00F0;alignment_incomplete;C9:21D7;Next stop, Gaia's Navel! ⏎;oui;C9:21D7: insufficient_lexical_confidence;
00F1;alignment_incomplete;C9:2208;For Pandora! ⏎;oui;C9:2208: insufficient_lexical_confidence;
00F2;alignment_incomplete;C9:2220;Desert? No problem now. ⏎  Sorry about last time! ⏎;oui;C9:2220: insufficient_context_or_segmentation;
00F3;alignment_incomplete;C9:2268;Ice Country? Okay! See ya! ⏎;oui;C9:2268: insufficient_lexical_confidence;
00F4;alignment_incomplete;C9:229B;Water Palace? ⏎  Have a nice flight! ⏎;oui;C9:229B: insufficient_lexical_confidence;
00F5;alignment_incomplete;C9:22D6;They're a little moody ⏎  in Pandora... ⏎;oui;C9:22D6: insufficient_lexical_confidence;
00FA;alignment_incomplete;C9:2390;Don't get hurt! ⏎;oui;C9:2390: insufficient_lexical_confidence;
00FB;simulator_rejected;C9:23AB;Hi!  We, the Cannon Travel ⏎  brothers  are building ⏎  a global network!;non;"UNSUPPORTED_LAYOUT_COMMAND: Simulator does not yet model CHOICE_BEGIN ; event must remain review-only. | UNSUPPORTED_LAYOUT_COMMAND: Simulator does not yet model CHOICE_OPTION 03; event must remain review-only. | UNSUPPORTED_LAYOUT_COMMAND: Simulator does not yet model CHOICE_OPTION 0F; event must remain review-only. | UNSUPPORTED_LAYOUT_COMMAND: Simulator does not yet model CHOICE_END ; event must remain review-only.";
00FB;simulator_rejected;C9:23F4;Going to the Water Palace? ⏎  Jema's already left. He ⏎  paid your way, too! Hop in!;non;"UNSUPPORTED_LAYOUT_COMMAND: Simulator does not yet model CHOICE_BEGIN ; event must remain review-only. | UNSUPPORTED_LAYOUT_COMMAND: Simulator does not yet model CHOICE_OPTION 03; event must remain review-only. | UNSUPPORTED_LAYOUT_COMMAND: Simulator does not yet model CHOICE_OPTION 0F; event must remain review-only. | UNSUPPORTED_LAYOUT_COMMAND: Simulator does not yet model CHOICE_END ; event must remain review-only.";
00FB;simulator_rejected;C9:244D;Thank you!;non;"UNSUPPORTED_LAYOUT_COMMAND: Simulator does not yet model CHOICE_BEGIN ; event must remain review-only. | UNSUPPORTED_LAYOUT_COMMAND: Simulator does not yet model CHOICE_OPTION 03; event must remain review-only. | UNSUPPORTED_LAYOUT_COMMAND: Simulator does not yet model CHOICE_OPTION 0F; event must remain review-only. | UNSUPPORTED_LAYOUT_COMMAND: Simulator does not yet model CHOICE_END ; event must remain review-only.";
00FB;simulator_rejected;C9:2459;No thanks! );non;"UNSUPPORTED_LAYOUT_COMMAND: Simulator does not yet model CHOICE_BEGIN ; event must remain review-only. | UNSUPPORTED_LAYOUT_COMMAND: Simulator does not yet model CHOICE_OPTION 03; event must remain review-only. | UNSUPPORTED_LAYOUT_COMMAND: Simulator does not yet model CHOICE_OPTION 0F; event must remain review-only. | UNSUPPORTED_LAYOUT_COMMAND: Simulator does not yet model CHOICE_END ; event must remain review-only.";
00FC;alignment_incomplete;C9:246D;Just slide into the cannon!;oui;C9:246D: insufficient_context_or_segmentation;
00FD;alignment_incomplete;C9:2502;Water Palace? Leave the ⏎  flying to me! ⏎;oui;C9:2502: insufficient_lexical_confidence;
00FE;alignment_incomplete;C9:2541;Gaia's Navel? ⏎  That's a breeze! ⏎;oui;C9:2541: insufficient_lexical_confidence;
0103;alignment_incomplete;C9:2627;Remove the sword...;oui;C9:2627: insufficient_context_or_segmentation | C9:26A8: ambiguous_exact_duplicates_with_different_french | C9:2728: insufficient_lexical_confidence | C9:2735: insufficient_lexical_confidence | C9:2745: insufficient_context_or_segmentation;
0103;alignment_incomplete;C9:2649;:Who are you;non;C9:2627: insufficient_context_or_segmentation | C9:26A8: ambiguous_exact_duplicates_with_different_french | C9:2728: insufficient_lexical_confidence | C9:2735: insufficient_lexical_confidence | C9:2745: insufficient_context_or_segmentation;
0103;alignment_incomplete;C9:265A;...and ⏎  what's this sword doing ⏎  here?;non;C9:2627: insufficient_context_or_segmentation | C9:26A8: ambiguous_exact_duplicates_with_different_french | C9:2728: insufficient_lexical_confidence | C9:2735: insufficient_lexical_confidence | C9:2745: insufficient_context_or_segmentation;
0103;alignment_incomplete;C9:2691;:Urrrrrrrgh!;non;C9:2627: insufficient_context_or_segmentation | C9:26A8: ambiguous_exact_duplicates_with_different_french | C9:2728: insufficient_lexical_confidence | C9:2735: insufficient_lexical_confidence | C9:2745: insufficient_context_or_segmentation;
0103;alignment_incomplete;C9:26A8;Huh!?;oui;C9:2627: insufficient_context_or_segmentation | C9:26A8: ambiguous_exact_duplicates_with_different_french | C9:2728: insufficient_lexical_confidence | C9:2735: insufficient_lexical_confidence | C9:2745: insufficient_context_or_segmentation;
0103;alignment_incomplete;C9:26BC;:Ow! That light... ⏎  so bright I can't see...;non;C9:2627: insufficient_context_or_segmentation | C9:26A8: ambiguous_exact_duplicates_with_different_french | C9:2728: insufficient_lexical_confidence | C9:2735: insufficient_lexical_confidence | C9:2745: insufficient_context_or_segmentation;
0103;alignment_incomplete;C9:26F1;⏎  Ahhhhh! A g...g...ghost!;non;C9:2627: insufficient_context_or_segmentation | C9:26A8: ambiguous_exact_duplicates_with_different_french | C9:2728: insufficient_lexical_confidence | C9:2735: insufficient_lexical_confidence | C9:2745: insufficient_context_or_segmentation;
0103;alignment_incomplete;C9:2728;⏎   It is I;oui;C9:2627: insufficient_context_or_segmentation | C9:26A8: ambiguous_exact_duplicates_with_different_french | C9:2728: insufficient_lexical_confidence | C9:2735: insufficient_lexical_confidence | C9:2745: insufficient_context_or_segmentation;
0103;alignment_incomplete;C9:2735;who asked;oui;C9:2627: insufficient_context_or_segmentation | C9:26A8: ambiguous_exact_duplicates_with_different_french | C9:2728: insufficient_lexical_confidence | C9:2735: insufficient_lexical_confidence | C9:2745: insufficient_context_or_segmentation;
0103;alignment_incomplete;C9:2745;⏎   the sword;oui;C9:2627: insufficient_context_or_segmentation | C9:26A8: ambiguous_exact_duplicates_with_different_french | C9:2728: insufficient_lexical_confidence | C9:2735: insufficient_lexical_confidence | C9:2745: insufficient_context_or_segmentation;
0103;alignment_incomplete;C9:276B;⏎  Say what?;non;C9:2627: insufficient_context_or_segmentation | C9:26A8: ambiguous_exact_duplicates_with_different_french | C9:2728: insufficient_lexical_confidence | C9:2735: insufficient_lexical_confidence | C9:2745: insufficient_context_or_segmentation;
0103;alignment_incomplete;C9:2778;⏎  You mean this sword?..;non;C9:2627: insufficient_context_or_segmentation | C9:26A8: ambiguous_exact_duplicates_with_different_french | C9:2728: insufficient_lexical_confidence | C9:2735: insufficient_lexical_confidence | C9:2745: insufficient_context_or_segmentation;
0103;alignment_incomplete;C9:27AE;The brilliant light is ⏎   gone in an instant.;non;C9:2627: insufficient_context_or_segmentation | C9:26A8: ambiguous_exact_duplicates_with_different_french | C9:2728: insufficient_lexical_confidence | C9:2735: insufficient_lexical_confidence | C9:2745: insufficient_context_or_segmentation;
0103;alignment_incomplete;C9:27E4;:I have to get back! ⏎;non;C9:2627: insufficient_context_or_segmentation | C9:26A8: ambiguous_exact_duplicates_with_different_french | C9:2728: insufficient_lexical_confidence | C9:2735: insufficient_lexical_confidence | C9:2745: insufficient_context_or_segmentation;
0106;alignment_incomplete;C9:28B7;:Hey!;non;C9:2ADB: insufficient_context_or_segmentation;
0106;alignment_incomplete;C9:28C1;Guys! ⏎;non;C9:2ADB: insufficient_context_or_segmentation;
0106;alignment_incomplete;C9:28CB;Wait;non;C9:2ADB: insufficient_context_or_segmentation;
0106;alignment_incomplete;C9:28D5;up!;non;C9:2ADB: insufficient_context_or_segmentation;
0106;alignment_incomplete;C9:28EB;Aaaaaah!;non;C9:2ADB: insufficient_context_or_segmentation;
0106;alignment_incomplete;C9:2900;ELLIOTT:Shh! Be quiet! ⏎  The Elder will find us ⏎  here and he'll be mad!;non;C9:2ADB: insufficient_context_or_segmentation;
0106;alignment_incomplete;C9:294C;TIMOTHY:Yeah. We're not ⏎  supposed to be here. ⏎  There's a ghost around!;non;C9:2ADB: insufficient_context_or_segmentation;
0106;alignment_incomplete;C9:299C;ELLIOTT:Ha! Do you really ⏎  believe that? People say ⏎  that to scare us!;non;C9:2ADB: insufficient_context_or_segmentation;
0106;alignment_incomplete;C9:29E8;But I heard Grandma say ⏎  something about a shiny ⏎  object near the falls.;non;C9:2ADB: insufficient_context_or_segmentation;
0106;alignment_incomplete;C9:2A3D;TIMOTHY:That must be some ⏎  kind of treasure! ⏎  We have to find it!;non;C9:2ADB: insufficient_context_or_segmentation;
0106;alignment_incomplete;C9:2A99;:Help! I'm falling!;non;C9:2ADB: insufficient_context_or_segmentation;
0106;alignment_incomplete;C9:2AC0;Aaahhhh;non;C9:2ADB: insufficient_context_or_segmentation;
0106;alignment_incomplete;C9:2ADB;hhhhhh!;oui;C9:2ADB: insufficient_context_or_segmentation;
0108;formatter_rejected;C9:2B85;! The Elder was ⏎ looking for you. What did ⏎ you do this time?;non;C9:2B85: French PLAYER_NAME sequence () does not match SNES (0,);
010C;alignment_incomplete;C9:2CBD;ELDER:;non;C9:30F5: insufficient_context_or_segmentation;
010C;alignment_incomplete;C9:2CC5;! You're not ⏎  hurt! They just told me ⏎  what happened.;non;C9:30F5: insufficient_context_or_segmentation;
010C;alignment_incomplete;C9:2D10;ELLIOTT:I thought you were ⏎  a goner!;non;C9:30F5: insufficient_context_or_segmentation;
010C;alignment_incomplete;C9:2D37;TIMOTHY:I told you it was ⏎  stupid to bring someone ⏎  like HIM along!;non;C9:30F5: insufficient_context_or_segmentation;
010C;alignment_incomplete;C9:2D83;ELDER:You idiots! Weren't ⏎  you told not to go there?;non;C9:30F5: insufficient_context_or_segmentation;
010C;alignment_incomplete;C9:2DE5;ELDER:Huh?;non;C9:30F5: insufficient_context_or_segmentation;
010C;alignment_incomplete;C9:2DF5;! ⏎  What's that you have? ⏎  ...Oh, no! It couldn't be!;non;C9:30F5: insufficient_context_or_segmentation;
010C;alignment_incomplete;C9:2E2F;ELLIOTT:Cool! Did you find ⏎  the treasure? ⏎ TIMOTHY:Way to go!;non;C9:30F5: insufficient_context_or_segmentation;
010C;alignment_incomplete;C9:2E70;⏎ ELDER:What have you done?! ⏎  How could YOU have pulled ⏎  out the Mana Sword?;non;C9:30F5: insufficient_context_or_segmentation;
010C;alignment_incomplete;C9:2EBD;⏎  It's impossible!;non;C9:30F5: insufficient_context_or_segmentation;
010C;alignment_incomplete;C9:2ED2;TIMOTHY:THE Mana Sword?! ⏎;non;C9:30F5: insufficient_context_or_segmentation;
010C;alignment_incomplete;C9:2EEE;Legend has it that our ⏎  village is finished...;non;C9:30F5: insufficient_context_or_segmentation;
010C;alignment_incomplete;C9:2F23;ELDER:..If the sword is ⏎  removed. ⏎  And here it is!;non;C9:30F5: insufficient_context_or_segmentation;
010C;alignment_incomplete;C9:2F5B;It is said that the Mana ⏎  Sword has been protecting ⏎  our village from disaster.;non;C9:30F5: insufficient_context_or_segmentation;
010C;alignment_incomplete;C9:2FB3;ELLIOTT:So that's it! ⏎  That's why all the monsters are attacking us now!;non;C9:30F5: insufficient_context_or_segmentation;
010C;alignment_incomplete;C9:3003;How could an outsider like ⏎  you yank out the sword and ⏎  bring doom to us all!!;non;C9:30F5: insufficient_context_or_segmentation;
010C;alignment_incomplete;C9:306A;:Hey! Stop it! ⏎ ELLIOTT:YOU did it!;non;C9:30F5: insufficient_context_or_segmentation;
010C;alignment_incomplete;C9:30A8;ELLIOTT:It's your fault!;non;C9:30F5: insufficient_context_or_segmentation;
010C;alignment_incomplete;C9:30F5;ELLIOTT:You! ⏎;oui;C9:30F5: insufficient_context_or_segmentation;
010C;alignment_incomplete;C9:3104;:Please, stop!;non;C9:30F5: insufficient_context_or_segmentation;
010C;alignment_incomplete;C9:311F;Waaah!  Earthquake!..;non;C9:30F5: insufficient_context_or_segmentation;
010C;alignment_incomplete;C9:3162;Aaaaaaah...;non;C9:30F5: insufficient_context_or_segmentation;
010C;alignment_incomplete;C9:317D;ELLIOTT:Help! A m...monster!;non;C9:30F5: insufficient_context_or_segmentation;
010C;alignment_incomplete;C9:319E;You have a sword, don't ⏎  you? Use it!;non;C9:30F5: insufficient_context_or_segmentation;
010C;alignment_incomplete;C9:31D4;MAN:Hey! Can you hear me? ⏎  Watch how the monster ⏎  moves before attacking!;non;C9:30F5: insufficient_context_or_segmentation;
0110;alignment_incomplete;C9:32A8;That guy seems to be a ⏎ knight from somewhere. ⏎ What's he doing here?;oui;C9:32A8: insufficient_context_or_segmentation;
0111;alignment_incomplete;C9:32EF;MAN: ...;oui;C9:32EF: insufficient_context_or_segmentation;
0112;formatter_rejected;C9:3300;MAN:You did it! ⏎  Wait there, I'll pull ⏎  you up.;non;"C9:3590+C9:359A: French PLAYER_NAME sequence () does not match SNES (0,) | C9:35C1+C9:35F9: Mapping ['C9:35C1', 'C9:35F9'] crosses command 'WAIT'; defer structural binding";
0112;formatter_rejected;C9:333D;ELLIOTT:Waaaaaah!!!;non;"C9:3590+C9:359A: French PLAYER_NAME sequence () does not match SNES (0,) | C9:35C1+C9:35F9: Mapping ['C9:35C1', 'C9:35F9'] crosses command 'WAIT'; defer structural binding";
0112;formatter_rejected;C9:3370;MAN:That appears to be the ⏎  real Mana Sword. ⏎;non;"C9:3590+C9:359A: French PLAYER_NAME sequence () does not match SNES (0,) | C9:35C1+C9:35F9: Mapping ['C9:35C1', 'C9:35F9'] crosses command 'WAIT'; defer structural binding";
0112;formatter_rejected;C9:339F;:Huh? What?;non;"C9:3590+C9:359A: French PLAYER_NAME sequence () does not match SNES (0,) | C9:35C1+C9:35F9: Mapping ['C9:35C1', 'C9:35F9'] crosses command 'WAIT'; defer structural binding";
0112;formatter_rejected;C9:33AC;⏎ MAN:It is supposed to be ⏎  pulled out by a knight in ⏎  times of great trouble.;non;"C9:3590+C9:359A: French PLAYER_NAME sequence () does not match SNES (0,) | C9:35C1+C9:35F9: Mapping ['C9:35C1', 'C9:35F9'] crosses command 'WAIT'; defer structural binding";
0112;formatter_rejected;C9:33FB;⏎  Problem is, you're too ⏎  young! Something must have ⏎  happened to the Mana Sword.;non;"C9:3590+C9:359A: French PLAYER_NAME sequence () does not match SNES (0,) | C9:35C1+C9:35F9: Mapping ['C9:35C1', 'C9:35F9'] crosses command 'WAIT'; defer structural binding";
0112;formatter_rejected;C9:3450;:Here! It's yours!;non;"C9:3590+C9:359A: French PLAYER_NAME sequence () does not match SNES (0,) | C9:35C1+C9:35F9: Mapping ['C9:35C1', 'C9:35F9'] crosses command 'WAIT'; defer structural binding";
0112;formatter_rejected;C9:3465;MAN:Sorry, but the sword is ⏎  losing its power, and must ⏎  be re-energized!;non;"C9:3590+C9:359A: French PLAYER_NAME sequence () does not match SNES (0,) | C9:35C1+C9:35F9: Mapping ['C9:35C1', 'C9:35F9'] crosses command 'WAIT'; defer structural binding";
0112;formatter_rejected;C9:34B0;⏎  Only the person who pulled ⏎  it free can do that. ⏎;non;"C9:3590+C9:359A: French PLAYER_NAME sequence () does not match SNES (0,) | C9:35C1+C9:35F9: Mapping ['C9:35C1', 'C9:35F9'] crosses command 'WAIT'; defer structural binding";
0112;formatter_rejected;C9:34E5;:What should I do?;non;"C9:3590+C9:359A: French PLAYER_NAME sequence () does not match SNES (0,) | C9:35C1+C9:35F9: Mapping ['C9:35C1', 'C9:35F9'] crosses command 'WAIT'; defer structural binding";
0112;formatter_rejected;C9:34F9;⏎ MAN:Visit Sage Luka in the ⏎  Water Palace.;non;"C9:3590+C9:359A: French PLAYER_NAME sequence () does not match SNES (0,) | C9:35C1+C9:35F9: Mapping ['C9:35C1', 'C9:35F9'] crosses command 'WAIT'; defer structural binding";
0112;formatter_rejected;C9:3526;She's been protecting these lands for over 200 years. ⏎  Listen to her advice.;non;"C9:3590+C9:359A: French PLAYER_NAME sequence () does not match SNES (0,) | C9:35C1+C9:35F9: Mapping ['C9:35C1', 'C9:35F9'] crosses command 'WAIT'; defer structural binding";
0112;formatter_rejected;C9:3590;TIMOTHY:;non;"C9:3590+C9:359A: French PLAYER_NAME sequence () does not match SNES (0,) | C9:35C1+C9:35F9: Mapping ['C9:35C1', 'C9:35F9'] crosses command 'WAIT'; defer structural binding";
0112;formatter_rejected;C9:359A;! The Elder ⏎  wants you in his house!;non;"C9:3590+C9:359A: French PLAYER_NAME sequence () does not match SNES (0,) | C9:35C1+C9:35F9: Mapping ['C9:35C1', 'C9:35F9'] crosses command 'WAIT'; defer structural binding";
0112;formatter_rejected;C9:35C1;MAN:Well, I have to be off. ⏎  Oh, my name is Jema.;non;"C9:3590+C9:359A: French PLAYER_NAME sequence () does not match SNES (0,) | C9:35C1+C9:35F9: Mapping ['C9:35C1', 'C9:35F9'] crosses command 'WAIT'; defer structural binding";
0112;formatter_rejected;C9:35F9;JEMA:I'll wait for you ⏎  inside the Water Palace!;non;"C9:3590+C9:359A: French PLAYER_NAME sequence () does not match SNES (0,) | C9:35C1+C9:35F9: Mapping ['C9:35C1', 'C9:35F9'] crosses command 'WAIT'; defer structural binding";
0114;alignment_incomplete;C9:364B;ELDER:I took you in and ⏎  I raised you. But there's ⏎  nothing I can do to help.;oui;C9:364B: insufficient_context_or_segmentation | C9:369A: insufficient_context_or_segmentation;
0114;alignment_incomplete;C9:369A;⏎  Please forgive me.;oui;C9:364B: insufficient_context_or_segmentation | C9:369A: insufficient_context_or_segmentation;
0115;alignment_incomplete;C9:36B9;Use the south-east exit. ⏎ Go now before something ⏎ else happens!;oui;C9:36B9: strong_but_ambiguous;
0119;formatter_rejected;C9:37AF;Heading out? See you later!;non;C9:37AF: French PLAYER_NAME sequence (0,) does not match SNES ();
011A;simulator_rejected;C9:37CE;Have everything you need? ⏎;non;"UNSUPPORTED_LAYOUT_COMMAND: Simulator does not yet model CHOICE_BEGIN ; event must remain review-only. | UNSUPPORTED_LAYOUT_COMMAND: Simulator does not yet model CHOICE_OPTION 05; event must remain review-only. | UNSUPPORTED_LAYOUT_COMMAND: Simulator does not yet model CHOICE_OPTION 0A; event must remain review-only. | UNSUPPORTED_LAYOUT_COMMAND: Simulator does not yet model CHOICE_END ; event must remain review-only.";
011A;simulator_rejected;C9:37EE;Yes;non;"UNSUPPORTED_LAYOUT_COMMAND: Simulator does not yet model CHOICE_BEGIN ; event must remain review-only. | UNSUPPORTED_LAYOUT_COMMAND: Simulator does not yet model CHOICE_OPTION 05; event must remain review-only. | UNSUPPORTED_LAYOUT_COMMAND: Simulator does not yet model CHOICE_OPTION 0A; event must remain review-only. | UNSUPPORTED_LAYOUT_COMMAND: Simulator does not yet model CHOICE_END ; event must remain review-only.";
011A;simulator_rejected;C9:37F3;No  );non;"UNSUPPORTED_LAYOUT_COMMAND: Simulator does not yet model CHOICE_BEGIN ; event must remain review-only. | UNSUPPORTED_LAYOUT_COMMAND: Simulator does not yet model CHOICE_OPTION 05; event must remain review-only. | UNSUPPORTED_LAYOUT_COMMAND: Simulator does not yet model CHOICE_OPTION 0A; event must remain review-only. | UNSUPPORTED_LAYOUT_COMMAND: Simulator does not yet model CHOICE_END ; event must remain review-only.";
011B;alignment_incomplete;C9:3801;You are hereby banished fromPotos village. ⏎ Now, get out of here!;oui;C9:3801: insufficient_lexical_confidence;
0121;alignment_incomplete;C9:392C;That's Major Dyluck.;oui;C9:392C: insufficient_lexical_confidence;
0121;alignment_incomplete;C9:3943;This mission will be full ⏎ of danger. But we'll do our ⏎ best!;non;C9:392C: insufficient_lexical_confidence;
0122;alignment_incomplete;C9:398B;We need a whip to go throughthe short cut to the castle ⏎ of Elinee, the witch.;oui;C9:398B: strong_but_ambiguous;
0126;alignment_incomplete;C9:3A39;:I can cut through ⏎  with this sword!;oui;C9:3A39: insufficient_lexical_confidence;
0127;alignment_incomplete;C9:3A8C;:So? Now what? ⏎;non;C9:3B05: insufficient_context_or_segmentation;
0127;alignment_incomplete;C9:3AA1;Hey, you, where's Luka?;non;C9:3B05: insufficient_context_or_segmentation;
0127;alignment_incomplete;C9:3AC3;JEMA:Hey! How rude!;non;C9:3B05: insufficient_context_or_segmentation;
0127;alignment_incomplete;C9:3ADC;Luka, it's nice to see you ⏎  again.;non;C9:3B05: insufficient_context_or_segmentation;
0127;alignment_incomplete;C9:3B05;LUKA:Ha ha ha...welcome! ⏎;oui;C9:3B05: insufficient_context_or_segmentation;
0127;alignment_incomplete;C9:3B23;:What? You mean this ⏎  girl is 200 years old?;non;C9:3B05: insufficient_context_or_segmentation;
0133;alignment_incomplete;C9:3C90;LUKA:;oui;C9:3C90: insufficient_lexical_confidence;
0133;alignment_incomplete;C9:3C97;, what are you ⏎  so scared of? ⏎ (;non;C9:3C90: insufficient_lexical_confidence;
0133;alignment_incomplete;C9:3CB9;The Sword;non;C9:3C90: insufficient_lexical_confidence;
0133;alignment_incomplete;C9:3CC4;The Fortress );non;C9:3C90: insufficient_lexical_confidence;
0134;simulator_rejected;C9:3CEB;LUKA:I'll restore you.;non;"UNSUPPORTED_LAYOUT_COMMAND: Simulator does not yet model CHOICE_BEGIN ; event must remain review-only. | UNSUPPORTED_LAYOUT_COMMAND: Simulator does not yet model CHOICE_OPTION 05; event must remain review-only. | UNSUPPORTED_LAYOUT_COMMAND: Simulator does not yet model CHOICE_OPTION 0A; event must remain review-only. | UNSUPPORTED_LAYOUT_COMMAND: Simulator does not yet model CHOICE_END ; event must remain review-only.";
0134;simulator_rejected;C9:3D08;Want to save the game? ⏎;non;"UNSUPPORTED_LAYOUT_COMMAND: Simulator does not yet model CHOICE_BEGIN ; event must remain review-only. | UNSUPPORTED_LAYOUT_COMMAND: Simulator does not yet model CHOICE_OPTION 05; event must remain review-only. | UNSUPPORTED_LAYOUT_COMMAND: Simulator does not yet model CHOICE_OPTION 0A; event must remain review-only. | UNSUPPORTED_LAYOUT_COMMAND: Simulator does not yet model CHOICE_END ; event must remain review-only.";
0134;simulator_rejected;C9:3D25;Yes;non;"UNSUPPORTED_LAYOUT_COMMAND: Simulator does not yet model CHOICE_BEGIN ; event must remain review-only. | UNSUPPORTED_LAYOUT_COMMAND: Simulator does not yet model CHOICE_OPTION 05; event must remain review-only. | UNSUPPORTED_LAYOUT_COMMAND: Simulator does not yet model CHOICE_OPTION 0A; event must remain review-only. | UNSUPPORTED_LAYOUT_COMMAND: Simulator does not yet model CHOICE_END ; event must remain review-only.";
0134;simulator_rejected;C9:3D2A;No  );non;"UNSUPPORTED_LAYOUT_COMMAND: Simulator does not yet model CHOICE_BEGIN ; event must remain review-only. | UNSUPPORTED_LAYOUT_COMMAND: Simulator does not yet model CHOICE_OPTION 05; event must remain review-only. | UNSUPPORTED_LAYOUT_COMMAND: Simulator does not yet model CHOICE_OPTION 0A; event must remain review-only. | UNSUPPORTED_LAYOUT_COMMAND: Simulator does not yet model CHOICE_END ; event must remain review-only.";
0135;alignment_incomplete;C9:3D38;JEMA:Once I was one of ⏎  Luka's followers.;non;C9:3D64: insufficient_context_or_segmentation;
0135;alignment_incomplete;C9:3D64;I studied the power of ⏎  Mana, which sustains ⏎  eveything in this world.;oui;C9:3D64: insufficient_context_or_segmentation;
013A;formatter_rejected;C9:402B;LUKA:Take this Spear with ⏎  you. Mana Guardians used ⏎  it long ago.;non;"C9:4094+C9:40D7: Mapping ['C9:4094', 'C9:40D7'] crosses command 'WAIT'; defer structural binding";
013A;formatter_rejected;C9:4073;⏎   Received Spear!;non;"C9:4094+C9:40D7: Mapping ['C9:4094', 'C9:40D7'] crosses command 'WAIT'; defer structural binding";
013A;formatter_rejected;C9:4094;It will grow and regain ⏎  it's power just like your ⏎  Mana Sword.;non;"C9:4094+C9:40D7: Mapping ['C9:4094', 'C9:40D7'] crosses command 'WAIT'; defer structural binding";
013A;formatter_rejected;C9:40D7;There must be more weapons ⏎  like this spear in the ⏎  world. Find them!;non;"C9:4094+C9:40D7: Mapping ['C9:4094', 'C9:40D7'] crosses command 'WAIT'; defer structural binding";
013B;alignment_incomplete;C9:4123;LUKA:Jema has not returned ⏎  from Pandora yet. Something must have happened to him!;oui;C9:4123: ambiguous_exact_duplicates_with_different_french;
013F;alignment_incomplete;C9:4437;LUKA:You must never lose ⏎  hope!;oui;C9:4437: insufficient_lexical_confidence;
0145;alignment_incomplete;C9:455F;This is Pandora's castle.;oui;C9:455F: ambiguous_exact_duplicates_with_different_french;
0147;alignment_incomplete;C9:45FD;This is Pandora. ⏎;oui;C9:45FD: insufficient_context_or_segmentation;
0147;alignment_incomplete;C9:4613;I was told to let you pass ⏎ through if you arrived.;non;C9:45FD: insufficient_context_or_segmentation;
0147;alignment_incomplete;C9:4647;⏎ Sir Jema of Tasnica is in ⏎ the castle with our King.;non;C9:45FD: insufficient_context_or_segmentation;
0147;alignment_incomplete;C9:467E;Oh, and I wouldn't talk to ⏎ the people in the town.;non;C9:45FD: insufficient_context_or_segmentation;
014A;alignment_incomplete;C9:46FF;GIRL:Dad asked the king to ⏎  make Dyluck lead the way  ⏎  to the witch's forest!;oui;C9:46FF: insufficient_context_or_segmentation;
0151;alignment_incomplete;C9:4881;For the sake of the ⏎ children, I don't want war.;oui;C9:4881: insufficient_context_or_segmentation;
0157;alignment_incomplete;C9:49F5;Some people are gathering ⏎ at the ruins south of this ⏎ town.;non;C9:4A31: insufficient_lexical_confidence;
0157;alignment_incomplete;C9:4A31;⏎ Odd things have been ⏎ happening ever since! ⏎ Grandma goes there...;oui;C9:4A31: insufficient_lexical_confidence;
0158;alignment_incomplete;C9:4A76;This is the pits. Both ⏎ Grandma and Phanna are gone!Could they be at the ruins?;oui;C9:4A76: insufficient_context_or_segmentation;
0159;alignment_incomplete;C9:4ACA;:Hi, Phanna! ⏎ PHANNA:Oh!;non;C9:4AFE: insufficient_context_or_segmentation;
0159;alignment_incomplete;C9:4AE8;Is Dyluck back yet?;non;C9:4AFE: insufficient_context_or_segmentation;
0159;alignment_incomplete;C9:4AFE;⏎  Oh, I'm sure he's fine. ⏎;oui;C9:4AFE: insufficient_context_or_segmentation;
0159;alignment_incomplete;C9:4B1A;:Yes, I hope so.;non;C9:4AFE: insufficient_context_or_segmentation;
015A;alignment_incomplete;C9:4B2E;ELMAN:;non;C9:4B36: insufficient_lexical_confidence;
015A;alignment_incomplete;C9:4B36;! ⏎  You're back!;oui;C9:4B36: insufficient_lexical_confidence;
015A;alignment_incomplete;C9:4B4A;:Dad! I'm not coming ⏎  back until I find Dyluck!;non;C9:4B36: insufficient_lexical_confidence;
0167;alignment_incomplete;C9:4C65;PHANNA:...;oui;C9:4C65: ambiguous_exact_duplicates_with_different_french | C9:4C73: insufficient_lexical_confidence;
0167;alignment_incomplete;C9:4C73;. I'm going ⏎  on a one-way trip! ⏎  Pretty neat, huh?;oui;C9:4C65: ambiguous_exact_duplicates_with_different_french | C9:4C73: insufficient_lexical_confidence;
0167;alignment_incomplete;C9:4CAA;:Come on, Phanna! ⏎  Snap out of it!;non;C9:4C65: ambiguous_exact_duplicates_with_different_french | C9:4C73: insufficient_lexical_confidence;
0167;alignment_incomplete;C9:4CCF;PHANNA:Shaddap!;non;C9:4C65: ambiguous_exact_duplicates_with_different_french | C9:4C73: insufficient_lexical_confidence;
0167;alignment_incomplete;C9:4CEC;⏎  Stop bothering me!;non;C9:4C65: ambiguous_exact_duplicates_with_different_french | C9:4C73: insufficient_lexical_confidence;
0167;alignment_incomplete;C9:4D0D;:Phanna!;non;C9:4C65: ambiguous_exact_duplicates_with_different_french | C9:4C73: insufficient_lexical_confidence;
0167;alignment_incomplete;C9:4D1B;Phanna! ⏎;non;C9:4C65: ambiguous_exact_duplicates_with_different_french | C9:4C73: insufficient_lexical_confidence;
0167;alignment_incomplete;C9:4D32;Hey, you! Make room!;non;C9:4C65: ambiguous_exact_duplicates_with_different_french | C9:4C73: insufficient_lexical_confidence;
0167;alignment_incomplete;C9:4D6B;:Unless we hurry, ⏎  Phanna's a goner. ⏎  Dyluck's probably here too!;non;C9:4C65: ambiguous_exact_duplicates_with_different_french | C9:4C73: insufficient_lexical_confidence;
017F;alignment_incomplete;C9:558B;:What? You and dad ⏎  MADE Dyluck go to the ⏎  witch's castle?!;non;C9:55FC: insufficient_lexical_confidence;
017F;alignment_incomplete;C9:55C8;⏎  How DARE you try to drive ⏎  Dyluck and me apart!;non;C9:55FC: insufficient_lexical_confidence;
017F;alignment_incomplete;C9:55FC;SOLDIER:How rude! ⏎;oui;C9:55FC: insufficient_lexical_confidence;
017F;alignment_incomplete;C9:5610;:Be that way! ⏎  Let's go,;non;C9:55FC: insufficient_lexical_confidence;
0180;alignment_incomplete;C9:5634;JEMA:;oui;C9:5634: insufficient_lexical_confidence;
0180;alignment_incomplete;C9:563B;, you're here! ⏎  I suppose you've seen what ⏎  happened to the people.;non;C9:5634: insufficient_lexical_confidence;
0180;alignment_incomplete;C9:5686;Those people are going to ⏎  the ruins in the southern ⏎  part of this town.;non;C9:5634: insufficient_lexical_confidence;
0180;alignment_incomplete;C9:56D1;⏎  I'll have a look around. ⏎;non;C9:5634: insufficient_lexical_confidence;
0181;alignment_incomplete;C9:5710;KING:What a nightmare! ⏎  The people in my country ⏎  are acting like zombies!;oui;C9:5710: insufficient_context_or_segmentation;
0181;alignment_incomplete;C9:5766;⏎  Oh, I have a headache! ⏎  I'm going back to my room ⏎  for a nap.;non;C9:5710: insufficient_context_or_segmentation;
0183;alignment_incomplete;C9:5875;NOBLEMAN:Oh dear. ⏎  Up to now this has been ⏎  such a peaceful country!;oui;C9:5875: insufficient_context_or_segmentation;
0186;alignment_incomplete;C9:591B;GIRL:Hey! It's the guy ⏎  I saved! Say what? ⏎  You're a swordsman?;oui;C9:591B: insufficient_lexical_confidence | C9:5A66: insufficient_context_or_segmentation | C9:5A8C: insufficient_context_or_segmentation;
0186;alignment_incomplete;C9:595F;:Huh...oh, you mean ⏎  this...;non;C9:591B: insufficient_lexical_confidence | C9:5A66: insufficient_context_or_segmentation | C9:5A8C: insufficient_context_or_segmentation;
0186;alignment_incomplete;C9:597E;GIRL:This is GREAT! I need ⏎  your help! I helped YOU ⏎  didn't I? It's your turn.;non;C9:591B: insufficient_lexical_confidence | C9:5A66: insufficient_context_or_segmentation | C9:5A8C: insufficient_context_or_segmentation;
0186;alignment_incomplete;C9:59CE;⏎  We're going to go teach ⏎  that witch a lesson. We're ⏎  going to save Dyluck!;non;C9:591B: insufficient_lexical_confidence | C9:5A66: insufficient_context_or_segmentation | C9:5A8C: insufficient_context_or_segmentation;
0186;alignment_incomplete;C9:5A1F;:But...I've got to go ⏎  to the Underground Palace. ⏎ GIRL:Later...LATER!;non;C9:591B: insufficient_lexical_confidence | C9:5A66: insufficient_context_or_segmentation | C9:5A8C: insufficient_context_or_segmentation;
0186;alignment_incomplete;C9:5A66;⏎ GIRL:Right. Let's go, uh... ⏎;oui;C9:591B: insufficient_lexical_confidence | C9:5A66: insufficient_context_or_segmentation | C9:5A8C: insufficient_context_or_segmentation;
0186;alignment_incomplete;C9:5A85;:I'm;non;C9:591B: insufficient_lexical_confidence | C9:5A66: insufficient_context_or_segmentation | C9:5A8C: insufficient_context_or_segmentation;
0186;alignment_incomplete;C9:5A8C;. ⏎ GIRL:Oh. Call me...;oui;C9:591B: insufficient_lexical_confidence | C9:5A66: insufficient_context_or_segmentation | C9:5A8C: insufficient_context_or_segmentation;
0187;alignment_incomplete;C9:5ABF;GIRL:Dad! You're impossible! I'll make my own decisions ⏎  about my life!;non;C9:5B12: insufficient_lexical_confidence;
0187;alignment_incomplete;C9:5B12;GIRL:Look out!;oui;C9:5B12: insufficient_lexical_confidence;
018A;alignment_incomplete;C9:5B81;Sir Elman arranged his ⏎ daughter's marriage. ⏎ I feel sorry for her.;oui;C9:5B81: insufficient_context_or_segmentation | C9:5BC4: insufficient_lexical_confidence;
018A;alignment_incomplete;C9:5BC4;⏎ They should be upstairs now!;oui;C9:5B81: insufficient_context_or_segmentation | C9:5BC4: insufficient_lexical_confidence;
018B;alignment_incomplete;C9:5BE5;This is Pandora's Castle.;oui;C9:5BE5: ambiguous_exact_duplicates_with_different_french;
0193;alignment_incomplete;C9:5EE8;NOBLEMAN:This is trouble! ⏎  Sir Elman! Just what do you intend to do?;non;C9:5F2E: insufficient_lexical_confidence;
0193;alignment_incomplete;C9:5F2E;⏎  Let's forget we ever had ⏎  this discussion. How ⏎  absolutely impertinent!;oui;C9:5F2E: insufficient_lexical_confidence;
0194;alignment_incomplete;C9:5FA5;Papa!!;oui;C9:5FA5: insufficient_context_or_segmentation;
0195;alignment_incomplete;C9:5FAF;This is the treasure house. ⏎ I must guard it for the ⏎ knight in the legend.;oui;C9:5FAF: insufficient_context_or_segmentation;
019C;alignment_incomplete;C9:61D3;The King is in his room.;oui;C9:61D3: insufficient_context_or_segmentation;
01A5;alignment_incomplete;C9:6366;You did it,;oui;C9:6366: insufficient_lexical_confidence | C9:6374: insufficient_lexical_confidence;
01A5;alignment_incomplete;C9:6374;! ⏎ Brightness is returning  ⏎ to normal everywhere!;oui;C9:6366: insufficient_lexical_confidence | C9:6374: insufficient_lexical_confidence;
01A5;alignment_incomplete;C9:63A6;⏎ What Jema said about the ⏎ Mana Sword and you was true!;non;C9:6366: insufficient_lexical_confidence | C9:6374: insufficient_lexical_confidence;
01A5;alignment_incomplete;C9:63E4;We must now part with our ⏎ treasure..!;non;C9:6366: insufficient_lexical_confidence | C9:6374: insufficient_lexical_confidence;
01A5;alignment_incomplete;C9:640C;We've guarded these for ⏎ centuries for you, wielder ⏎ of the Mana Sword.;non;C9:6366: insufficient_lexical_confidence | C9:6374: insufficient_lexical_confidence;
01B0;simulator_rejected;C9:6538;Say, show me that sword! ⏎ It's covered with rust! ⏎ It'll break in no time!;non;"UNSUPPORTED_LAYOUT_COMMAND: Simulator does not yet model CHOICE_BEGIN ; event must remain review-only. | UNSUPPORTED_LAYOUT_COMMAND: Simulator does not yet model CHOICE_OPTION 03; event must remain review-only. | UNSUPPORTED_LAYOUT_COMMAND: Simulator does not yet model CHOICE_OPTION 0E; event must remain review-only. | IMPLICIT_RUNTIME_WRAP: Runtime would rewind to the last safe space because of decoded capacity. | UNSUPPORTED_LAYOUT_COMMAND: Simulator does not yet model CHOICE_END ; event must remain review-only.";
01B0;simulator_rejected;C9:6587;I am Watts, the blacksmith! ⏎ I'll reforge it for 100 GP! ⏎  (;non;"UNSUPPORTED_LAYOUT_COMMAND: Simulator does not yet model CHOICE_BEGIN ; event must remain review-only. | UNSUPPORTED_LAYOUT_COMMAND: Simulator does not yet model CHOICE_OPTION 03; event must remain review-only. | UNSUPPORTED_LAYOUT_COMMAND: Simulator does not yet model CHOICE_OPTION 0E; event must remain review-only. | IMPLICIT_RUNTIME_WRAP: Runtime would rewind to the last safe space because of decoded capacity. | UNSUPPORTED_LAYOUT_COMMAND: Simulator does not yet model CHOICE_END ; event must remain review-only.";
01B0;simulator_rejected;C9:65C4;Please do!;non;"UNSUPPORTED_LAYOUT_COMMAND: Simulator does not yet model CHOICE_BEGIN ; event must remain review-only. | UNSUPPORTED_LAYOUT_COMMAND: Simulator does not yet model CHOICE_OPTION 03; event must remain review-only. | UNSUPPORTED_LAYOUT_COMMAND: Simulator does not yet model CHOICE_OPTION 0E; event must remain review-only. | IMPLICIT_RUNTIME_WRAP: Runtime would rewind to the last safe space because of decoded capacity. | UNSUPPORTED_LAYOUT_COMMAND: Simulator does not yet model CHOICE_END ; event must remain review-only.";
01B0;simulator_rejected;C9:65D0;No thanks! );non;"UNSUPPORTED_LAYOUT_COMMAND: Simulator does not yet model CHOICE_BEGIN ; event must remain review-only. | UNSUPPORTED_LAYOUT_COMMAND: Simulator does not yet model CHOICE_OPTION 03; event must remain review-only. | UNSUPPORTED_LAYOUT_COMMAND: Simulator does not yet model CHOICE_OPTION 0E; event must remain review-only. | IMPLICIT_RUNTIME_WRAP: Runtime would rewind to the last safe space because of decoded capacity. | UNSUPPORTED_LAYOUT_COMMAND: Simulator does not yet model CHOICE_END ; event must remain review-only.";
01B2;alignment_incomplete;C9:6640;WATTS:Right. Wait a sec!;non;C9:66DB: insufficient_lexical_confidence;
01B2;alignment_incomplete;C9:6687;WATTS:It's done! I've never ⏎  seen a sword as fine as ⏎  this one in my life!;non;C9:66DB: insufficient_lexical_confidence;
01B2;alignment_incomplete;C9:66DB;I hope someday I can forge ⏎  such a splendid sword!;oui;C9:66DB: insufficient_lexical_confidence;
01B2;alignment_incomplete;C9:6711;Huh? What on earth... ⏎  My hammer has started to ⏎  glow...;non;C9:66DB: insufficient_lexical_confidence;
01B2;alignment_incomplete;C9:6755;Wait just a minute! ⏎  That must be the Mana ⏎  Sword!;non;C9:66DB: insufficient_lexical_confidence;
01B2;alignment_incomplete;C9:678A;⏎  Astonishing! Perhaps the ⏎  power of the Mana Sword ⏎  has seeped into my hammer!;non;C9:66DB: insufficient_lexical_confidence;
01B2;alignment_incomplete;C9:67DB;⏎  Great! Think I'll try and ⏎  make an axe with this. ⏎  Come back in a while.;non;C9:66DB: insufficient_lexical_confidence;
01B3;simulator_rejected;C9:682E;WATTS:Change your mind? ⏎  I'll do it for 100 GP. ⏎  (;non;"UNSUPPORTED_LAYOUT_COMMAND: Simulator does not yet model CHOICE_BEGIN ; event must remain review-only. | UNSUPPORTED_LAYOUT_COMMAND: Simulator does not yet model CHOICE_OPTION 03; event must remain review-only. | UNSUPPORTED_LAYOUT_COMMAND: Simulator does not yet model CHOICE_OPTION 0E; event must remain review-only. | IMPLICIT_RUNTIME_WRAP: Runtime would rewind to the last safe space because of decoded capacity. | UNSUPPORTED_LAYOUT_COMMAND: Simulator does not yet model CHOICE_END ; event must remain review-only. | UNPAUSED_SCROLL: 4 non-empty text lines were rendered since the previous WAIT/box opening; the first new line would scroll away before the player can pause.";
01B3;simulator_rejected;C9:6863;Please do!;non;"UNSUPPORTED_LAYOUT_COMMAND: Simulator does not yet model CHOICE_BEGIN ; event must remain review-only. | UNSUPPORTED_LAYOUT_COMMAND: Simulator does not yet model CHOICE_OPTION 03; event must remain review-only. | UNSUPPORTED_LAYOUT_COMMAND: Simulator does not yet model CHOICE_OPTION 0E; event must remain review-only. | IMPLICIT_RUNTIME_WRAP: Runtime would rewind to the last safe space because of decoded capacity. | UNSUPPORTED_LAYOUT_COMMAND: Simulator does not yet model CHOICE_END ; event must remain review-only. | UNPAUSED_SCROLL: 4 non-empty text lines were rendered since the previous WAIT/box opening; the first new line would scroll away before the player can pause.";
01B3;simulator_rejected;C9:686F;No thanks! );non;"UNSUPPORTED_LAYOUT_COMMAND: Simulator does not yet model CHOICE_BEGIN ; event must remain review-only. | UNSUPPORTED_LAYOUT_COMMAND: Simulator does not yet model CHOICE_OPTION 03; event must remain review-only. | UNSUPPORTED_LAYOUT_COMMAND: Simulator does not yet model CHOICE_OPTION 0E; event must remain review-only. | IMPLICIT_RUNTIME_WRAP: Runtime would rewind to the last safe space because of decoded capacity. | UNSUPPORTED_LAYOUT_COMMAND: Simulator does not yet model CHOICE_END ; event must remain review-only. | UNPAUSED_SCROLL: 4 non-empty text lines were rendered since the previous WAIT/box opening; the first new line would scroll away before the player can pause.";
01B5;alignment_incomplete;C9:68BA;WATTS:Well...I tried making ⏎  an axe, but it's no good. ⏎  Wonder why...;non;C9:6921: insufficient_lexical_confidence;
01B5;alignment_incomplete;C9:6901;⏎  Got a boomerang, huh..? ⏎  ...;non;C9:6921: insufficient_lexical_confidence;
01B5;alignment_incomplete;C9:6921;Wait! I know...! ⏎  Try holding this axe!;oui;C9:6921: insufficient_lexical_confidence;
01B5;alignment_incomplete;C9:6954;That's it! Mana power in ⏎  these weapons doesn't work ⏎  until you hold them!;non;C9:6921: insufficient_lexical_confidence;
01B5;alignment_incomplete;C9:69A1;⏎  This axe is mighty special! You could even smash a ⏎  boulder with it!;non;C9:6921: insufficient_lexical_confidence;
01B5;alignment_incomplete;C9:69E9;⏎  Take it with you for 100GP!;non;C9:6921: insufficient_lexical_confidence;
01B5;alignment_incomplete;C9:6A12;Sure!;non;C9:6921: insufficient_lexical_confidence;
01B5;alignment_incomplete;C9:6A19;No thanks! );non;C9:6921: insufficient_lexical_confidence;
01B6;alignment_incomplete;C9:6A44;WATTS:There should be more ⏎  Mana weapons to find. ⏎  Bring them to me!;oui;C9:6A44: insufficient_lexical_confidence | C9:6A8A: insufficient_lexical_confidence | C9:6AD2: insufficient_lexical_confidence | C9:6B5A: insufficient_lexical_confidence;
01B6;alignment_incomplete;C9:6A8A;⏎  They need to be forged to ⏎  release any Mana received ⏎  from the orbs.;oui;C9:6A44: insufficient_lexical_confidence | C9:6A8A: insufficient_lexical_confidence | C9:6AD2: insufficient_lexical_confidence | C9:6B5A: insufficient_lexical_confidence;
01B6;alignment_incomplete;C9:6AD2;⏎  And only I can do it! ⏎  Now, let me show you a ⏎  short cut.;oui;C9:6A44: insufficient_lexical_confidence | C9:6A8A: insufficient_lexical_confidence | C9:6AD2: insufficient_lexical_confidence | C9:6B5A: insufficient_lexical_confidence;
01B6;alignment_incomplete;C9:6B5A;WATTS:This will make it ⏎  a lot easier for you!;oui;C9:6A44: insufficient_lexical_confidence | C9:6A8A: insufficient_lexical_confidence | C9:6AD2: insufficient_lexical_confidence | C9:6B5A: insufficient_lexical_confidence;
01B9;formatter_rejected;C9:6BCF;ELDER:Thank you very much! ⏎ SPRITE:I didn't need your ⏎  help!;non;"C9:6C0F+C9:6C21: Mapping ['C9:6C0F', 'C9:6C21'] crosses command 'OP_32'; defer structural binding | C9:6CDD+C9:6D0D: Mapping ['C9:6CDD', 'C9:6D0D'] crosses command 'OP_34'; defer structural binding | C9:6DC1+C9:6DD9: Mapping ['C9:6DC1', 'C9:6DD9'] crosses command 'OP_34'; defer structural binding";
01B9;formatter_rejected;C9:6C0F;⏎ ELDER:Hey! ⏎;non;"C9:6C0F+C9:6C21: Mapping ['C9:6C0F', 'C9:6C21'] crosses command 'OP_32'; defer structural binding | C9:6CDD+C9:6D0D: Mapping ['C9:6CDD', 'C9:6D0D'] crosses command 'OP_34'; defer structural binding | C9:6DC1+C9:6DD9: Mapping ['C9:6DC1', 'C9:6DD9'] crosses command 'OP_34'; defer structural binding";
01B9;formatter_rejected;C9:6C21;Sorry about that.;non;"C9:6C0F+C9:6C21: Mapping ['C9:6C0F', 'C9:6C21'] crosses command 'OP_32'; defer structural binding | C9:6CDD+C9:6D0D: Mapping ['C9:6CDD', 'C9:6D0D'] crosses command 'OP_34'; defer structural binding | C9:6DC1+C9:6DD9: Mapping ['C9:6DC1', 'C9:6DD9'] crosses command 'OP_34'; defer structural binding";
01B9;formatter_rejected;C9:6C39;This child received such a ⏎  shock from drifting here, ⏎  it lost all its memories.;non;"C9:6C0F+C9:6C21: Mapping ['C9:6C0F', 'C9:6C21'] crosses command 'OP_32'; defer structural binding | C9:6CDD+C9:6D0D: Mapping ['C9:6CDD', 'C9:6D0D'] crosses command 'OP_34'; defer structural binding | C9:6DC1+C9:6DD9: Mapping ['C9:6DC1', 'C9:6DD9'] crosses command 'OP_34'; defer structural binding";
01B9;formatter_rejected;C9:6C8C;⏎  It really is a nice child. ⏎  It plays tricks on people ⏎  sometimes though...;non;"C9:6C0F+C9:6C21: Mapping ['C9:6C0F', 'C9:6C21'] crosses command 'OP_32'; defer structural binding | C9:6CDD+C9:6D0D: Mapping ['C9:6CDD', 'C9:6D0D'] crosses command 'OP_34'; defer structural binding | C9:6DC1+C9:6DD9: Mapping ['C9:6DC1', 'C9:6DD9'] crosses command 'OP_34'; defer structural binding";
01B9;formatter_rejected;C9:6CDD;⏎ SPRITE:Come on old timer! ⏎  Give me a break. ⏎;non;"C9:6C0F+C9:6C21: Mapping ['C9:6C0F', 'C9:6C21'] crosses command 'OP_32'; defer structural binding | C9:6CDD+C9:6D0D: Mapping ['C9:6CDD', 'C9:6D0D'] crosses command 'OP_34'; defer structural binding | C9:6DC1+C9:6DD9: Mapping ['C9:6DC1', 'C9:6DD9'] crosses command 'OP_34'; defer structural binding";
01B9;formatter_rejected;C9:6D0D;Take it easy!;non;"C9:6C0F+C9:6C21: Mapping ['C9:6C0F', 'C9:6C21'] crosses command 'OP_32'; defer structural binding | C9:6CDD+C9:6D0D: Mapping ['C9:6CDD', 'C9:6D0D'] crosses command 'OP_34'; defer structural binding | C9:6DC1+C9:6DD9: Mapping ['C9:6DC1', 'C9:6DD9'] crosses command 'OP_34'; defer structural binding";
01B9;formatter_rejected;C9:6D1D;⏎ ELDER:Tropicallo broke out ⏎  of a sealed palace. There ⏎  must be a way into it!;non;"C9:6C0F+C9:6C21: Mapping ['C9:6C0F', 'C9:6C21'] crosses command 'OP_32'; defer structural binding | C9:6CDD+C9:6D0D: Mapping ['C9:6CDD', 'C9:6D0D'] crosses command 'OP_34'; defer structural binding | C9:6DC1+C9:6DD9: Mapping ['C9:6DC1', 'C9:6DD9'] crosses command 'OP_34'; defer structural binding";
01B9;formatter_rejected;C9:6D71;Your memory might return ⏎  if you receive some power ⏎  from the Mana Seed.;non;"C9:6C0F+C9:6C21: Mapping ['C9:6C0F', 'C9:6C21'] crosses command 'OP_32'; defer structural binding | C9:6CDD+C9:6D0D: Mapping ['C9:6CDD', 'C9:6D0D'] crosses command 'OP_34'; defer structural binding | C9:6DC1+C9:6DD9: Mapping ['C9:6DC1', 'C9:6DD9'] crosses command 'OP_34'; defer structural binding";
01B9;formatter_rejected;C9:6DC1;SPRITE:What? Really? ⏎;non;"C9:6C0F+C9:6C21: Mapping ['C9:6C0F', 'C9:6C21'] crosses command 'OP_32'; defer structural binding | C9:6CDD+C9:6D0D: Mapping ['C9:6CDD', 'C9:6D0D'] crosses command 'OP_34'; defer structural binding | C9:6DC1+C9:6DD9: Mapping ['C9:6DC1', 'C9:6DD9'] crosses command 'OP_34'; defer structural binding";
01B9;formatter_rejected;C9:6DD9;I'll go now, right now!!!;non;"C9:6C0F+C9:6C21: Mapping ['C9:6C0F', 'C9:6C21'] crosses command 'OP_32'; defer structural binding | C9:6CDD+C9:6D0D: Mapping ['C9:6CDD', 'C9:6D0D'] crosses command 'OP_34'; defer structural binding | C9:6DC1+C9:6DD9: Mapping ['C9:6DC1', 'C9:6DD9'] crosses command 'OP_34'; defer structural binding";
01B9;formatter_rejected;C9:6DF6;ELDER:Not alone! The palace ⏎  was buried. There must be ⏎  tons of monsters by now.;non;"C9:6C0F+C9:6C21: Mapping ['C9:6C0F', 'C9:6C21'] crosses command 'OP_32'; defer structural binding | C9:6CDD+C9:6D0D: Mapping ['C9:6CDD', 'C9:6D0D'] crosses command 'OP_34'; defer structural binding | C9:6DC1+C9:6DD9: Mapping ['C9:6DC1', 'C9:6DD9'] crosses command 'OP_34'; defer structural binding";
01B9;formatter_rejected;C9:6E4C;Would you be so kind as to ⏎  accompany this sprite to ⏎  the palace?;non;"C9:6C0F+C9:6C21: Mapping ['C9:6C0F', 'C9:6C21'] crosses command 'OP_32'; defer structural binding | C9:6CDD+C9:6D0D: Mapping ['C9:6CDD', 'C9:6D0D'] crosses command 'OP_34'; defer structural binding | C9:6DC1+C9:6DD9: Mapping ['C9:6DC1', 'C9:6DD9'] crosses command 'OP_34'; defer structural binding";
01B9;formatter_rejected;C9:6E98;Yes;non;"C9:6C0F+C9:6C21: Mapping ['C9:6C0F', 'C9:6C21'] crosses command 'OP_32'; defer structural binding | C9:6CDD+C9:6D0D: Mapping ['C9:6CDD', 'C9:6D0D'] crosses command 'OP_34'; defer structural binding | C9:6DC1+C9:6DD9: Mapping ['C9:6DC1', 'C9:6DD9'] crosses command 'OP_34'; defer structural binding";
01B9;formatter_rejected;C9:6E9D;No  );non;"C9:6C0F+C9:6C21: Mapping ['C9:6C0F', 'C9:6C21'] crosses command 'OP_32'; defer structural binding | C9:6CDD+C9:6D0D: Mapping ['C9:6CDD', 'C9:6D0D'] crosses command 'OP_34'; defer structural binding | C9:6DC1+C9:6DD9: Mapping ['C9:6DC1', 'C9:6DD9'] crosses command 'OP_34'; defer structural binding";
01BD;simulator_rejected;C9:6EDB;:Hey! This isn't the ⏎  way to the witch's castle! ⏎  Where are you going?;non;"UNSUPPORTED_LAYOUT_COMMAND: Simulator does not yet model CHOICE_BEGIN ; event must remain review-only. | UNSUPPORTED_LAYOUT_COMMAND: Simulator does not yet model CHOICE_OPTION 02; event must remain review-only. | UNSUPPORTED_LAYOUT_COMMAND: Simulator does not yet model CHOICE_OPTION 16; event must remain review-only. | UNSUPPORTED_LAYOUT_COMMAND: Simulator does not yet model CHOICE_END ; event must remain review-only.";
01BD;simulator_rejected;C9:6F28;Underground Palace;non;"UNSUPPORTED_LAYOUT_COMMAND: Simulator does not yet model CHOICE_BEGIN ; event must remain review-only. | UNSUPPORTED_LAYOUT_COMMAND: Simulator does not yet model CHOICE_OPTION 02; event must remain review-only. | UNSUPPORTED_LAYOUT_COMMAND: Simulator does not yet model CHOICE_OPTION 16; event must remain review-only. | UNSUPPORTED_LAYOUT_COMMAND: Simulator does not yet model CHOICE_END ; event must remain review-only.";
01BD;simulator_rejected;C9:6F3C;Exit);non;"UNSUPPORTED_LAYOUT_COMMAND: Simulator does not yet model CHOICE_BEGIN ; event must remain review-only. | UNSUPPORTED_LAYOUT_COMMAND: Simulator does not yet model CHOICE_OPTION 02; event must remain review-only. | UNSUPPORTED_LAYOUT_COMMAND: Simulator does not yet model CHOICE_OPTION 16; event must remain review-only. | UNSUPPORTED_LAYOUT_COMMAND: Simulator does not yet model CHOICE_END ; event must remain review-only.";
01C0;alignment_incomplete;C9:6FA4;This is the Village ⏎ of Dwarfs.;oui;C9:6FA4: insufficient_context_or_segmentation;
01C5;alignment_incomplete;C9:7107;:I'm not going in! ⏎  Are you going by yourself? ⏎ (;non;C9:7140: insufficient_lexical_confidence;
01C5;alignment_incomplete;C9:713A;Yes!;non;C9:7140: insufficient_lexical_confidence;
01C5;alignment_incomplete;C9:7140;Go to the forest. );oui;C9:7140: insufficient_lexical_confidence;
01C6;alignment_incomplete;C9:7161;:Geez, you are ⏎  stubborn. Fine! ⏎  I'm on my own!  See you!;non;C9:71AC: insufficient_lexical_confidence;
01C6;alignment_incomplete;C9:71AC;⏎    Separated from;oui;C9:71AC: insufficient_lexical_confidence;
01CB;alignment_incomplete;C9:74E0;ELDER:Sorry! ⏎ SPRITE:Didn't mean any harm!;oui;C9:74E0: insufficient_context_or_segmentation;
01CC;simulator_rejected;C9:751C;DWARF:Step right on in! ⏎  It's the Dwarf Village's ⏎  world famous exhibit hut!;non;"UNSUPPORTED_LAYOUT_COMMAND: Simulator does not yet model CHOICE_BEGIN ; event must remain review-only. | UNSUPPORTED_LAYOUT_COMMAND: Simulator does not yet model CHOICE_OPTION 06; event must remain review-only. | UNSUPPORTED_LAYOUT_COMMAND: Simulator does not yet model CHOICE_OPTION 0D; event must remain review-only. | UNSUPPORTED_LAYOUT_COMMAND: Simulator does not yet model CHOICE_END ; event must remain review-only.";
01CC;simulator_rejected;C9:7579;It'll be 50 GP! ⏎;non;"UNSUPPORTED_LAYOUT_COMMAND: Simulator does not yet model CHOICE_BEGIN ; event must remain review-only. | UNSUPPORTED_LAYOUT_COMMAND: Simulator does not yet model CHOICE_OPTION 06; event must remain review-only. | UNSUPPORTED_LAYOUT_COMMAND: Simulator does not yet model CHOICE_OPTION 0D; event must remain review-only. | UNSUPPORTED_LAYOUT_COMMAND: Simulator does not yet model CHOICE_END ; event must remain review-only.";
01CC;simulator_rejected;C9:7590;Pay;non;"UNSUPPORTED_LAYOUT_COMMAND: Simulator does not yet model CHOICE_BEGIN ; event must remain review-only. | UNSUPPORTED_LAYOUT_COMMAND: Simulator does not yet model CHOICE_OPTION 06; event must remain review-only. | UNSUPPORTED_LAYOUT_COMMAND: Simulator does not yet model CHOICE_OPTION 0D; event must remain review-only. | UNSUPPORTED_LAYOUT_COMMAND: Simulator does not yet model CHOICE_END ; event must remain review-only.";
01CC;simulator_rejected;C9:7595;Leave );non;"UNSUPPORTED_LAYOUT_COMMAND: Simulator does not yet model CHOICE_BEGIN ; event must remain review-only. | UNSUPPORTED_LAYOUT_COMMAND: Simulator does not yet model CHOICE_OPTION 06; event must remain review-only. | UNSUPPORTED_LAYOUT_COMMAND: Simulator does not yet model CHOICE_OPTION 0D; event must remain review-only. | UNSUPPORTED_LAYOUT_COMMAND: Simulator does not yet model CHOICE_END ; event must remain review-only.";
01CE;formatter_rejected;C9:75EA;The show's just starting!;non;"C9:7827+C9:7856: Mapping ['C9:7827', 'C9:7856'] crosses command 'CHOICE_BEGIN'; defer structural binding";
01CE;formatter_rejected;C9:761C;First, cast your eyes on ⏎  this Rabiteman! The only ⏎  one in the world!;non;"C9:7827+C9:7856: Mapping ['C9:7827', 'C9:7856'] crosses command 'CHOICE_BEGIN'; defer structural binding";
01CE;formatter_rejected;C9:766B;Take one Rabite, and one ⏎  man, and its...Rabiteman!;non;"C9:7827+C9:7856: Mapping ['C9:7827', 'C9:7856'] crosses command 'CHOICE_BEGIN'; defer structural binding";
01CE;formatter_rejected;C9:76AB;Hey, you! Pipe down!;non;"C9:7827+C9:7856: Mapping ['C9:7827', 'C9:7856'] crosses command 'CHOICE_BEGIN'; defer structural binding";
01CE;formatter_rejected;C9:76CA;And now, presenting an ⏎  actual and very rare, ⏎  Sprite Child!;non;"C9:7827+C9:7856: Mapping ['C9:7827', 'C9:7856'] crosses command 'CHOICE_BEGIN'; defer structural binding";
01CE;formatter_rejected;C9:7710;SPRITE:Boo, hoo, hoo...Ah! ⏎  Won't you please help me?;non;"C9:7827+C9:7856: Mapping ['C9:7827', 'C9:7856'] crosses command 'CHOICE_BEGIN'; defer structural binding";
01CE;formatter_rejected;C9:775C;DWARF:Yes, folks, it's pure ⏎  tragedy! Weep as you hear ⏎  his story.;non;"C9:7827+C9:7856: Mapping ['C9:7827', 'C9:7856'] crosses command 'CHOICE_BEGIN'; defer structural binding";
01CE;formatter_rejected;C9:77A0;⏎  This poor child has a ⏎  50,000 GP debt to pay off!;non;"C9:7827+C9:7856: Mapping ['C9:7827', 'C9:7856'] crosses command 'CHOICE_BEGIN'; defer structural binding";
01CE;formatter_rejected;C9:77D6;It's here, working off the ⏎  debt bit by bit. ⏎;non;"C9:7827+C9:7856: Mapping ['C9:7827', 'C9:7856'] crosses command 'CHOICE_BEGIN'; defer structural binding";
01CE;formatter_rejected;C9:7808;Oh please, gentle people.;non;"C9:7827+C9:7856: Mapping ['C9:7827', 'C9:7856'] crosses command 'CHOICE_BEGIN'; defer structural binding";
01CE;formatter_rejected;C9:7827;Please help it! ⏎  Even 100 GP will help. ⏎   (;non;"C9:7827+C9:7856: Mapping ['C9:7827', 'C9:7856'] crosses command 'CHOICE_BEGIN'; defer structural binding";
01CE;formatter_rejected;C9:7856;Okay;non;"C9:7827+C9:7856: Mapping ['C9:7827', 'C9:7856'] crosses command 'CHOICE_BEGIN'; defer structural binding";
01CE;formatter_rejected;C9:785C;No );non;"C9:7827+C9:7856: Mapping ['C9:7827', 'C9:7856'] crosses command 'CHOICE_BEGIN'; defer structural binding";
01D3;alignment_incomplete;C9:7944;SPRITE:Hey, “brother!” ⏎;oui;C9:7944: insufficient_lexical_confidence;
01D3;alignment_incomplete;C9:795D;:“Brother?” ⏎  My NAME is;non;C9:7944: insufficient_lexical_confidence;
01D3;alignment_incomplete;C9:797A;⏎ SPRITE:Okay! Say, why don't ⏎  you name me, too. That'll ⏎  make it easier on you.;non;C9:7944: insufficient_lexical_confidence;
01D5;alignment_incomplete;C9:7C25;ELDER:What luck! Did you ⏎  hear that, little one?;oui;C9:7C25: insufficient_lexical_confidence;
01D6;alignment_incomplete;C9:7C5B;ELDER:Oh, please!! ⏎   (;oui;C9:7C5B: insufficient_lexical_confidence;
01D6;alignment_incomplete;C9:7C74;Yes;non;C9:7C5B: insufficient_lexical_confidence;
01D6;alignment_incomplete;C9:7C79;No  );non;C9:7C5B: insufficient_lexical_confidence;
01D7;alignment_incomplete;C9:7C87;NEKO:Meow? We meet in a ⏎  strange place, purr... ⏎  Need anything?;oui;C9:7C87: strong_but_ambiguous;
01DA;alignment_incomplete;C9:7D15;GIRL:Hey, that wasn't too ⏎  bad! Okay! Let's go! ⏎;non;C9:7E72: insufficient_lexical_confidence | C9:7E81: insufficient_lexical_confidence;
01DA;alignment_incomplete;C9:7D47;:Huh? What?!;non;C9:7E72: insufficient_lexical_confidence | C9:7E81: insufficient_lexical_confidence;
01DA;alignment_incomplete;C9:7D55;⏎ GIRL:Don't be silly. We're ⏎  going to rescue Dyluck ⏎  from the witch's castle!;non;C9:7E72: insufficient_lexical_confidence | C9:7E81: insufficient_lexical_confidence;
01DA;alignment_incomplete;C9:7DA7;:What's this ”we?” ⏎ GIRL:How dare you let me go ⏎  there alone!;non;C9:7E72: insufficient_lexical_confidence | C9:7E81: insufficient_lexical_confidence;
01DA;alignment_incomplete;C9:7DE8;:Well... but... ⏎  I don't... but then...;non;C9:7E72: insufficient_lexical_confidence | C9:7E81: insufficient_lexical_confidence;
01DA;alignment_incomplete;C9:7E12;GIRL:Geez, how irritating! ⏎  You ARE going to help me. ⏎  Okay, we're off! uh...;non;C9:7E72: insufficient_lexical_confidence | C9:7E81: insufficient_lexical_confidence;
01DA;alignment_incomplete;C9:7E64;:My name is;non;C9:7E72: insufficient_lexical_confidence | C9:7E81: insufficient_lexical_confidence;
01DA;alignment_incomplete;C9:7E72;. ⏎ GIRL:Okay,;oui;C9:7E72: insufficient_lexical_confidence | C9:7E81: insufficient_lexical_confidence;
01DA;alignment_incomplete;C9:7E81;! ⏎  I'm;oui;C9:7E72: insufficient_lexical_confidence | C9:7E81: insufficient_lexical_confidence;
01DC;alignment_incomplete;C9:7EB5;SOLDIER:...;oui;C9:7EB5: insufficient_context_or_segmentation | C9:7FF4: insufficient_lexical_confidence | C9:804A: insufficient_lexical_confidence;
01DC;alignment_incomplete;C9:7EC5;:We've come to help! ⏎ SOLDIER:...Huh? Ah...;non;C9:7EB5: insufficient_context_or_segmentation | C9:7FF4: insufficient_lexical_confidence | C9:804A: insufficient_lexical_confidence;
01DC;alignment_incomplete;C9:7EF4;:Where's Dyluck? ⏎ SOLDIER:...What? Um... ⏎  Maybe...with the witch?;non;C9:7EB5: insufficient_context_or_segmentation | C9:7FF4: insufficient_lexical_confidence | C9:804A: insufficient_lexical_confidence;
01DC;alignment_incomplete;C9:7F3D;:It's hopeless. ⏎  These guys seem like ⏎  zombies.;non;C9:7EB5: insufficient_context_or_segmentation | C9:7FF4: insufficient_lexical_confidence | C9:804A: insufficient_lexical_confidence;
01DC;alignment_incomplete;C9:7F75;:Just like the people ⏎  in Pandora! You can bet the witch is behind this!;non;C9:7EB5: insufficient_context_or_segmentation | C9:7FF4: insufficient_lexical_confidence | C9:804A: insufficient_lexical_confidence;
01DC;alignment_incomplete;C9:7FBF;⏎ SOLDIER:Are you..goin' to... ...witch's lair..?;non;C9:7EB5: insufficient_context_or_segmentation | C9:7FF4: insufficient_lexical_confidence | C9:804A: insufficient_lexical_confidence;
01DC;alignment_incomplete;C9:7FF4;...go up to...next floor. ⏎  When 3 people step onto... ⏎  platform...uh...bridge...;oui;C9:7EB5: insufficient_context_or_segmentation | C9:7FF4: insufficient_lexical_confidence | C9:804A: insufficient_lexical_confidence;
01DC;alignment_incomplete;C9:804A;:...? Platform? ⏎  Let's go see it!;oui;C9:7EB5: insufficient_context_or_segmentation | C9:7FF4: insufficient_lexical_confidence | C9:804A: insufficient_lexical_confidence;
01DD;alignment_incomplete;C9:806F;SPRITE:Now don't you get in ⏎  my way, ”Brother!” ⏎;oui;C9:806F: insufficient_lexical_confidence | C9:80A1: insufficient_lexical_confidence;
01DD;alignment_incomplete;C9:80A1;:I AM;oui;C9:806F: insufficient_lexical_confidence | C9:80A1: insufficient_lexical_confidence;
01DD;alignment_incomplete;C9:80AC;⏎ SPRITE:Okay! Say, why don't ⏎  you name me, too. That'll ⏎  make it easier on you.;non;C9:806F: insufficient_lexical_confidence | C9:80A1: insufficient_lexical_confidence;
01DF;simulator_rejected;C9:8144;NEKO:Meow, busy travelers! ⏎  I'll even save the game! ⏎;non;"UNSUPPORTED_LAYOUT_COMMAND: Simulator does not yet model CHOICE_BEGIN ; event must remain review-only. | UNSUPPORTED_LAYOUT_COMMAND: Simulator does not yet model CHOICE_OPTION 05; event must remain review-only. | UNSUPPORTED_LAYOUT_COMMAND: Simulator does not yet model CHOICE_OPTION 0C; event must remain review-only. | UNSUPPORTED_LAYOUT_COMMAND: Simulator does not yet model CHOICE_OPTION 12; event must remain review-only. | UNSUPPORTED_LAYOUT_COMMAND: Simulator does not yet model CHOICE_END ; event must remain review-only.";
01DF;simulator_rejected;C9:817F;Save;non;"UNSUPPORTED_LAYOUT_COMMAND: Simulator does not yet model CHOICE_BEGIN ; event must remain review-only. | UNSUPPORTED_LAYOUT_COMMAND: Simulator does not yet model CHOICE_OPTION 05; event must remain review-only. | UNSUPPORTED_LAYOUT_COMMAND: Simulator does not yet model CHOICE_OPTION 0C; event must remain review-only. | UNSUPPORTED_LAYOUT_COMMAND: Simulator does not yet model CHOICE_OPTION 12; event must remain review-only. | UNSUPPORTED_LAYOUT_COMMAND: Simulator does not yet model CHOICE_END ; event must remain review-only.";
01DF;simulator_rejected;C9:8185;Buy;non;"UNSUPPORTED_LAYOUT_COMMAND: Simulator does not yet model CHOICE_BEGIN ; event must remain review-only. | UNSUPPORTED_LAYOUT_COMMAND: Simulator does not yet model CHOICE_OPTION 05; event must remain review-only. | UNSUPPORTED_LAYOUT_COMMAND: Simulator does not yet model CHOICE_OPTION 0C; event must remain review-only. | UNSUPPORTED_LAYOUT_COMMAND: Simulator does not yet model CHOICE_OPTION 12; event must remain review-only. | UNSUPPORTED_LAYOUT_COMMAND: Simulator does not yet model CHOICE_END ; event must remain review-only.";
01DF;simulator_rejected;C9:818A;Sell );non;"UNSUPPORTED_LAYOUT_COMMAND: Simulator does not yet model CHOICE_BEGIN ; event must remain review-only. | UNSUPPORTED_LAYOUT_COMMAND: Simulator does not yet model CHOICE_OPTION 05; event must remain review-only. | UNSUPPORTED_LAYOUT_COMMAND: Simulator does not yet model CHOICE_OPTION 0C; event must remain review-only. | UNSUPPORTED_LAYOUT_COMMAND: Simulator does not yet model CHOICE_OPTION 12; event must remain review-only. | UNSUPPORTED_LAYOUT_COMMAND: Simulator does not yet model CHOICE_END ; event must remain review-only.";
01E1;alignment_incomplete;C9:81A5;ELINEE:Phew! What noisy ⏎  little children! ⏎  See what you get!;oui;C9:81A5: insufficient_lexical_confidence;
01E5;alignment_incomplete;C9:8256;:Oh ho! I knew you'd ⏎  come! Thank you!;non;C9:82B9: insufficient_lexical_confidence;
01E5;alignment_incomplete;C9:827F;Okay, let's go. ⏎  We have to save Dyluck!;non;C9:82B9: insufficient_lexical_confidence;
01E5;alignment_incomplete;C9:82B9;joined again!;oui;C9:82B9: insufficient_lexical_confidence;
01E7;alignment_incomplete;C9:83A5;ELINEE:Allow me the pleasure of sending you to Thanatos!;non;C9:8512: insufficient_lexical_confidence;
01E7;alignment_incomplete;C9:8406;:Dyluck!! ⏎  Elinee, what have you done ⏎  with him?;non;C9:8512: insufficient_lexical_confidence;
01E7;alignment_incomplete;C9:843D;ELINEE:What have I done? ⏎  Well, I just sent him to ⏎  the ruins in Pandora.;non;C9:8512: insufficient_lexical_confidence;
01E7;alignment_incomplete;C9:8488;⏎  My magic doesn't seem to ⏎  work too well and I ⏎  couldn't handle him...;non;C9:8512: insufficient_lexical_confidence;
01E7;alignment_incomplete;C9:84D1;⏎  But Thanatos wanted him ⏎  so I sent him there!;non;C9:8512: insufficient_lexical_confidence;
01E7;alignment_incomplete;C9:8505;:Thanatos?;non;C9:8512: insufficient_lexical_confidence;
01E7;alignment_incomplete;C9:8512;ELINEE:The head of a secret ⏎  organization that intends ⏎  to overthrow the kingdom.;oui;C9:8512: insufficient_lexical_confidence;
01E7;alignment_incomplete;C9:8568;:How could you!;non;C9:8512: insufficient_lexical_confidence;
01E7;alignment_incomplete;C9:857A;ELINEE:Tee, hee, hee...He's ⏎  already dispatched most ⏎  of the people in Pandora.;non;C9:8512: insufficient_lexical_confidence;
01E7;alignment_incomplete;C9:85CB;⏎  All that's left is for Sir ⏎  Thanatos to storm the ⏎  castle from the ruins.;non;C9:8512: insufficient_lexical_confidence;
01E7;alignment_incomplete;C9:8618;⏎  Now...won't you be so kind ⏎  as to feed yourselves to my cute little Spikey!;non;C9:8512: insufficient_lexical_confidence;
01EA;alignment_incomplete;C9:86C6;You can take what's in ⏎  the treasure chest. ⏎  I don't need it anymore.;oui;C9:86C6: ambiguous_exact_duplicates_with_different_french;
01ED;alignment_incomplete;C9:8771;ELINEE:SHRIEK! ⏎  Please forgive me!;oui;C9:8771: insufficient_context_or_segmentation;
01ED;alignment_incomplete;C9:87BD;ELINEE:Sorry...the magical ⏎  herbs that grow in this ⏎  forest have withered.;non;C9:8771: insufficient_context_or_segmentation;
01ED;alignment_incomplete;C9:8809;⏎  I have been trading the ⏎  villagers for Thanatos's ⏎  herbs.;non;C9:8771: insufficient_context_or_segmentation;
01ED;alignment_incomplete;C9:8846;⏎  From now on, I'll simply be a normal elderly lady, and ⏎  live peacefully.;non;C9:8771: insufficient_context_or_segmentation;
01ED;alignment_incomplete;C9:8892;⏎  If you're looking for that ⏎  other kid, he's at the ⏎  ruins, south of Pandora.;non;C9:8771: insufficient_context_or_segmentation;
01EE;alignment_incomplete;C9:88F7;Allow me to send you ⏎  outside! ⏎;oui;C9:88F7: insufficient_lexical_confidence;
01EE;alignment_incomplete;C9:891D;Yes;non;C9:88F7: insufficient_lexical_confidence;
01EE;alignment_incomplete;C9:8922;No  );non;C9:88F7: insufficient_lexical_confidence;
01F5;alignment_incomplete;C9:8957;The orb in the underground ⏎  Palace? You need to use the magic of ice.;non;C9:899F: insufficient_context_or_segmentation;
01F5;alignment_incomplete;C9:899F;⏎  But I don't have any more ⏎  magical power left.;oui;C9:899F: insufficient_context_or_segmentation;
01F6;formatter_rejected;C9:89DF;:Dyluck is alive!;non;"C9:8A50+C9:8A7E: Mapping ['C9:8A50', 'C9:8A7E'] crosses command 'OP_32'; defer structural binding | C9:8A95+C9:8AAF: Mapping ['C9:8A95', 'C9:8AAF'] crosses command 'OP_32'; defer structural binding";
01F6;formatter_rejected;C9:8A03;...Can you hear me? ⏎;non;"C9:8A50+C9:8A7E: Mapping ['C9:8A50', 'C9:8A7E'] crosses command 'OP_32'; defer structural binding | C9:8A95+C9:8AAF: Mapping ['C9:8A95', 'C9:8AAF'] crosses command 'OP_32'; defer structural binding";
01F6;formatter_rejected;C9:8A1B;Come immediately to the ⏎   Water Palace!;non;"C9:8A50+C9:8A7E: Mapping ['C9:8A50', 'C9:8A7E'] crosses command 'OP_32'; defer structural binding | C9:8A95+C9:8AAF: Mapping ['C9:8A95', 'C9:8AAF'] crosses command 'OP_32'; defer structural binding";
01F6;formatter_rejected;C9:8A50;:It's Luka! ⏎  NOW what's the matter? ⏎;non;"C9:8A50+C9:8A7E: Mapping ['C9:8A50', 'C9:8A7E'] crosses command 'OP_32'; defer structural binding | C9:8A95+C9:8AAF: Mapping ['C9:8A95', 'C9:8AAF'] crosses command 'OP_32'; defer structural binding";
01F6;formatter_rejected;C9:8A7E;I've got to go...;non;"C9:8A50+C9:8A7E: Mapping ['C9:8A50', 'C9:8A7E'] crosses command 'OP_32'; defer structural binding | C9:8A95+C9:8AAF: Mapping ['C9:8A95', 'C9:8AAF'] crosses command 'OP_32'; defer structural binding";
01F6;formatter_rejected;C9:8A95;:...I'm going too! ⏎;non;"C9:8A50+C9:8A7E: Mapping ['C9:8A50', 'C9:8A7E'] crosses command 'OP_32'; defer structural binding | C9:8A95+C9:8AAF: Mapping ['C9:8A95', 'C9:8AAF'] crosses command 'OP_32'; defer structural binding";
01F6;formatter_rejected;C9:8AAF;I'm worried about Dyluck, ⏎  but I can't save him alone.;non;"C9:8A50+C9:8A7E: Mapping ['C9:8A50', 'C9:8A7E'] crosses command 'OP_32'; defer structural binding | C9:8A95+C9:8AAF: Mapping ['C9:8A95', 'C9:8AAF'] crosses command 'OP_32'; defer structural binding";
01F6;formatter_rejected;C9:8AE8;I'll go with you. ⏎  In return, you can help ⏎  rescue Dyluck.;non;"C9:8A50+C9:8A7E: Mapping ['C9:8A50', 'C9:8A7E'] crosses command 'OP_32'; defer structural binding | C9:8A95+C9:8AAF: Mapping ['C9:8A95', 'C9:8AAF'] crosses command 'OP_32'; defer structural binding";
01F6;formatter_rejected;C9:8B28;:Yippie!!! ⏎;non;"C9:8A50+C9:8A7E: Mapping ['C9:8A50', 'C9:8A7E'] crosses command 'OP_32'; defer structural binding | C9:8A95+C9:8AAF: Mapping ['C9:8A95', 'C9:8AAF'] crosses command 'OP_32'; defer structural binding";
01F6;formatter_rejected;C9:8B37;I'm coming along! ⏎  You can count on me!;non;"C9:8A50+C9:8A7E: Mapping ['C9:8A50', 'C9:8A7E'] crosses command 'OP_32'; defer structural binding | C9:8A95+C9:8AAF: Mapping ['C9:8A95', 'C9:8AAF'] crosses command 'OP_32'; defer structural binding";
0200;simulator_rejected;C9:8C93;LUKA: That is THE Mana ⏎  Sword, but its power is ⏎  gone!;non;"UNSUPPORTED_LAYOUT_COMMAND: Simulator does not yet model CHOICE_BEGIN ; event must remain review-only. | UNSUPPORTED_LAYOUT_COMMAND: Simulator does not yet model CHOICE_OPTION 02; event must remain review-only. | UNSUPPORTED_LAYOUT_COMMAND: Simulator does not yet model CHOICE_OPTION 0B; event must remain review-only. | UNSUPPORTED_LAYOUT_COMMAND: Simulator does not yet model CHOICE_END ; event must remain review-only.";
0200;simulator_rejected;C9:8CCB;⏎  It used its last ounce ⏎  of power to summon you...;non;"UNSUPPORTED_LAYOUT_COMMAND: Simulator does not yet model CHOICE_BEGIN ; event must remain review-only. | UNSUPPORTED_LAYOUT_COMMAND: Simulator does not yet model CHOICE_OPTION 02; event must remain review-only. | UNSUPPORTED_LAYOUT_COMMAND: Simulator does not yet model CHOICE_OPTION 0B; event must remain review-only. | UNSUPPORTED_LAYOUT_COMMAND: Simulator does not yet model CHOICE_END ; event must remain review-only.";
0200;simulator_rejected;C9:8D05;Why me?;non;"UNSUPPORTED_LAYOUT_COMMAND: Simulator does not yet model CHOICE_BEGIN ; event must remain review-only. | UNSUPPORTED_LAYOUT_COMMAND: Simulator does not yet model CHOICE_OPTION 02; event must remain review-only. | UNSUPPORTED_LAYOUT_COMMAND: Simulator does not yet model CHOICE_OPTION 0B; event must remain review-only. | UNSUPPORTED_LAYOUT_COMMAND: Simulator does not yet model CHOICE_END ; event must remain review-only.";
0200;simulator_rejected;C9:8D0E;Power..? );non;"UNSUPPORTED_LAYOUT_COMMAND: Simulator does not yet model CHOICE_BEGIN ; event must remain review-only. | UNSUPPORTED_LAYOUT_COMMAND: Simulator does not yet model CHOICE_OPTION 02; event must remain review-only. | UNSUPPORTED_LAYOUT_COMMAND: Simulator does not yet model CHOICE_OPTION 0B; event must remain review-only. | UNSUPPORTED_LAYOUT_COMMAND: Simulator does not yet model CHOICE_END ; event must remain review-only.";
0201;simulator_rejected;C9:8D25;:Why did it choose me?;non;"UNSUPPORTED_LAYOUT_COMMAND: Simulator does not yet model CHOICE_BEGIN ; event must remain review-only. | UNSUPPORTED_LAYOUT_COMMAND: Simulator does not yet model CHOICE_OPTION 03; event must remain review-only. | UNSUPPORTED_LAYOUT_COMMAND: Simulator does not yet model CHOICE_OPTION 10; event must remain review-only. | UNSUPPORTED_LAYOUT_COMMAND: Simulator does not yet model CHOICE_END ; event must remain review-only.";
0201;simulator_rejected;C9:8D3E;LUKA:I don't know, but now ⏎  you must re-energize it!;non;"UNSUPPORTED_LAYOUT_COMMAND: Simulator does not yet model CHOICE_BEGIN ; event must remain review-only. | UNSUPPORTED_LAYOUT_COMMAND: Simulator does not yet model CHOICE_OPTION 03; event must remain review-only. | UNSUPPORTED_LAYOUT_COMMAND: Simulator does not yet model CHOICE_OPTION 10; event must remain review-only. | UNSUPPORTED_LAYOUT_COMMAND: Simulator does not yet model CHOICE_END ; event must remain review-only.";
0201;simulator_rejected;C9:8D7A;No problem!;non;"UNSUPPORTED_LAYOUT_COMMAND: Simulator does not yet model CHOICE_BEGIN ; event must remain review-only. | UNSUPPORTED_LAYOUT_COMMAND: Simulator does not yet model CHOICE_OPTION 03; event must remain review-only. | UNSUPPORTED_LAYOUT_COMMAND: Simulator does not yet model CHOICE_OPTION 10; event must remain review-only. | UNSUPPORTED_LAYOUT_COMMAND: Simulator does not yet model CHOICE_END ; event must remain review-only.";
0201;simulator_rejected;C9:8D87;No way! );non;"UNSUPPORTED_LAYOUT_COMMAND: Simulator does not yet model CHOICE_BEGIN ; event must remain review-only. | UNSUPPORTED_LAYOUT_COMMAND: Simulator does not yet model CHOICE_OPTION 03; event must remain review-only. | UNSUPPORTED_LAYOUT_COMMAND: Simulator does not yet model CHOICE_OPTION 10; event must remain review-only. | UNSUPPORTED_LAYOUT_COMMAND: Simulator does not yet model CHOICE_END ; event must remain review-only.";
0202;simulator_rejected;C9:8D9D;:What should I do?;non;"UNSUPPORTED_LAYOUT_COMMAND: Simulator does not yet model CHOICE_BEGIN ; event must remain review-only. | UNSUPPORTED_LAYOUT_COMMAND: Simulator does not yet model CHOICE_OPTION 03; event must remain review-only. | UNSUPPORTED_LAYOUT_COMMAND: Simulator does not yet model CHOICE_OPTION 0F; event must remain review-only. | UNSUPPORTED_LAYOUT_COMMAND: Simulator does not yet model CHOICE_END ; event must remain review-only.";
0202;simulator_rejected;C9:8DB2;LUKA:You must become a hero ⏎  who is worthy of the sword!;non;"UNSUPPORTED_LAYOUT_COMMAND: Simulator does not yet model CHOICE_BEGIN ; event must remain review-only. | UNSUPPORTED_LAYOUT_COMMAND: Simulator does not yet model CHOICE_OPTION 03; event must remain review-only. | UNSUPPORTED_LAYOUT_COMMAND: Simulator does not yet model CHOICE_OPTION 0F; event must remain review-only. | UNSUPPORTED_LAYOUT_COMMAND: Simulator does not yet model CHOICE_END ; event must remain review-only.";
0202;simulator_rejected;C9:8DF2;Who, me?!;non;"UNSUPPORTED_LAYOUT_COMMAND: Simulator does not yet model CHOICE_BEGIN ; event must remain review-only. | UNSUPPORTED_LAYOUT_COMMAND: Simulator does not yet model CHOICE_OPTION 03; event must remain review-only. | UNSUPPORTED_LAYOUT_COMMAND: Simulator does not yet model CHOICE_OPTION 0F; event must remain review-only. | UNSUPPORTED_LAYOUT_COMMAND: Simulator does not yet model CHOICE_END ; event must remain review-only.";
0202;simulator_rejected;C9:8DFD;...Okay! );non;"UNSUPPORTED_LAYOUT_COMMAND: Simulator does not yet model CHOICE_BEGIN ; event must remain review-only. | UNSUPPORTED_LAYOUT_COMMAND: Simulator does not yet model CHOICE_OPTION 03; event must remain review-only. | UNSUPPORTED_LAYOUT_COMMAND: Simulator does not yet model CHOICE_OPTION 0F; event must remain review-only. | UNSUPPORTED_LAYOUT_COMMAND: Simulator does not yet model CHOICE_END ; event must remain review-only.";
0204;alignment_incomplete;C9:8EFF;Enough! Hold the sword up ⏎  to the seed!;non;C9:902F: validated_no_equivalent;
0204;alignment_incomplete;C9:8F73;For a moment, the seed ⏎  and the sword became one!;non;C9:902F: validated_no_equivalent;
0204;alignment_incomplete;C9:8FA8;You have sealed the Mana ⏎  seed with your Mana sword.;non;C9:902F: validated_no_equivalent;
0204;alignment_incomplete;C9:8FE0;Now the Mana power from ⏎  the seed will be sent only ⏎  to you and your sword.;non;C9:902F: validated_no_equivalent;
0204;alignment_incomplete;C9:902F;You'll be able to gain ⏎  power from the Mana seed ⏎  wherever you are!;oui;C9:902F: validated_no_equivalent;
0204;alignment_incomplete;C9:9076;The world has 8 palaces. ⏎  Visit them all and receive ⏎  the power from them all!;non;C9:902F: validated_no_equivalent;
0205;alignment_incomplete;C9:90DE;, the Empire must ⏎  not restore the Fortress!;oui;C9:90DE: insufficient_lexical_confidence | C9:910D: insufficient_lexical_confidence;
0205;alignment_incomplete;C9:910D;Regain the sword's power ⏎  first, or all is lost!;oui;C9:90DE: insufficient_lexical_confidence | C9:910D: insufficient_lexical_confidence;
0207;alignment_incomplete;C9:916F;Proof that Mana is fading!;oui;C9:916F: insufficient_lexical_confidence;
0208;alignment_incomplete;C9:9193;:Everyone's mad ⏎  'cause I pulled out that ⏎  sword..!;oui;C9:9193: insufficient_lexical_confidence;
020F;simulator_rejected;C9:92FB;You don't mean that! ⏎  Please help him! ⏎;non;"UNSUPPORTED_LAYOUT_COMMAND: Simulator does not yet model CHOICE_BEGIN ; event must remain review-only. | UNSUPPORTED_LAYOUT_COMMAND: Simulator does not yet model CHOICE_OPTION 04; event must remain review-only. | UNSUPPORTED_LAYOUT_COMMAND: Simulator does not yet model CHOICE_OPTION 0B; event must remain review-only. | UNSUPPORTED_LAYOUT_COMMAND: Simulator does not yet model CHOICE_END ; event must remain review-only.";
020F;simulator_rejected;C9:9329;Okay.;non;"UNSUPPORTED_LAYOUT_COMMAND: Simulator does not yet model CHOICE_BEGIN ; event must remain review-only. | UNSUPPORTED_LAYOUT_COMMAND: Simulator does not yet model CHOICE_OPTION 04; event must remain review-only. | UNSUPPORTED_LAYOUT_COMMAND: Simulator does not yet model CHOICE_OPTION 0B; event must remain review-only. | UNSUPPORTED_LAYOUT_COMMAND: Simulator does not yet model CHOICE_END ; event must remain review-only.";
020F;simulator_rejected;C9:9330;No way! );non;"UNSUPPORTED_LAYOUT_COMMAND: Simulator does not yet model CHOICE_BEGIN ; event must remain review-only. | UNSUPPORTED_LAYOUT_COMMAND: Simulator does not yet model CHOICE_OPTION 04; event must remain review-only. | UNSUPPORTED_LAYOUT_COMMAND: Simulator does not yet model CHOICE_OPTION 0B; event must remain review-only. | UNSUPPORTED_LAYOUT_COMMAND: Simulator does not yet model CHOICE_END ; event must remain review-only.";
0212;formatter_rejected;C9:93AC;JEMA:The Imperial forces ⏎  have drawn back.;non;C9:944F+C9:9456: French PLAYER_NAME sequence () does not match SNES (0,);
0212;formatter_rejected;C9:93D9;We managed to defeat ⏎  their monsters in ⏎  Pandora, too.;non;C9:944F+C9:9456: French PLAYER_NAME sequence () does not match SNES (0,);
0212;formatter_rejected;C9:9412;⏎  I got this from one of ⏎  them. You should have it.;non;C9:944F+C9:9456: French PLAYER_NAME sequence () does not match SNES (0,);
0212;formatter_rejected;C9:944F;JEMA:;non;C9:944F+C9:9456: French PLAYER_NAME sequence () does not match SNES (0,);
0212;formatter_rejected;C9:9456;! We're running ⏎  out of time..!;non;C9:944F+C9:9456: French PLAYER_NAME sequence () does not match SNES (0,);
0212;formatter_rejected;C9:9478;I'll return home, and stop ⏎  the Empire there.;non;C9:944F+C9:9456: French PLAYER_NAME sequence () does not match SNES (0,);
0212;formatter_rejected;C9:94A9;Only a restored Mana Sword ⏎  can beat the Fortress.;non;C9:944F+C9:9456: French PLAYER_NAME sequence () does not match SNES (0,);
0212;formatter_rejected;C9:94DF;Talk to the Cannon Travel ⏎  man in Potos. He'll send ⏎  you to the Upper Land.;non;C9:944F+C9:9456: French PLAYER_NAME sequence () does not match SNES (0,);
0218;alignment_incomplete;C9:956E;Walk the seasons from ⏎  spring to winter, spring ⏎  again and we can enter...;oui;C9:956E: ambiguous_exact_duplicates_with_different_french;
0221;alignment_incomplete;C9:96E6;To the north is Gaia's ⏎ Navel. Dwarves live there.;oui;C9:96E6: insufficient_lexical_confidence;
0223;alignment_incomplete;C9:9737;My husband's brothers all ⏎ look alike!;oui;C9:9737: insufficient_lexical_confidence;
0225;alignment_incomplete;C9:979A;I heard about the kingdom. ⏎ It's too laid back here!;oui;C9:979A: insufficient_lexical_confidence;
0226;alignment_incomplete;C9:97D6;My son Dyluck's too busy ⏎ to visit me!;oui;C9:97D6: insufficient_lexical_confidence;
0227;alignment_incomplete;C9:97FE;DYLUCK'S MOTHER:Dyluck's ⏎  missing? Oh,;non;C9:9827: strong_but_ambiguous;
0227;alignment_incomplete;C9:9827;... ⏎  I'm sure he's fine.;oui;C9:9827: strong_but_ambiguous;
0227;alignment_incomplete;C9:9841;⏎  Don't worry! He IS fine! ⏎  A mother knows these ⏎  things!;non;C9:9827: strong_but_ambiguous;
022F;alignment_incomplete;C9:9B1B;We can't leave;oui;C9:9B1B: insufficient_lexical_confidence | C9:9B2C: insufficient_lexical_confidence;
022F;alignment_incomplete;C9:9B2C;'s ⏎ like this.;oui;C9:9B1B: insufficient_lexical_confidence | C9:9B2C: insufficient_lexical_confidence;
0235;alignment_incomplete;C9:9B74;What the...!;oui;C9:9B74: ambiguous_exact_duplicates_with_different_french;
0236;alignment_incomplete;C9:9B8C;You can't barge in here! ⏎   We gnomes won't allow it!;oui;C9:9B8C: insufficient_lexical_confidence | C9:9C20: insufficient_lexical_confidence;
0236;alignment_incomplete;C9:9BCB;:What a wind bag! ⏎ GNOME:Little brat! ⏎;non;C9:9B8C: insufficient_lexical_confidence | C9:9C20: insufficient_lexical_confidence;
0236;alignment_incomplete;C9:9C0E;:Take this! ⏎;non;C9:9B8C: insufficient_lexical_confidence | C9:9C20: insufficient_lexical_confidence;
0236;alignment_incomplete;C9:9C20;GNOME:This is an outrage!;oui;C9:9B8C: insufficient_lexical_confidence | C9:9C20: insufficient_lexical_confidence;
0236;alignment_incomplete;C9:9C47;GNOME:Oh, oh... ⏎  I'm out of here!;non;C9:9B8C: insufficient_lexical_confidence | C9:9C20: insufficient_lexical_confidence;
0236;alignment_incomplete;C9:9C73;:Look! Back there!;non;C9:9B8C: insufficient_lexical_confidence | C9:9C20: insufficient_lexical_confidence;
023A;alignment_incomplete;C9:9CB8;What's this Crystal Orb do?;oui;C9:9CB8: insufficient_context_or_segmentation;
023A;alignment_incomplete;C9:9CDC;:Elder said the witch ⏎  used it to seal off ⏎  this place.;non;C9:9CB8: insufficient_context_or_segmentation;
023A;alignment_incomplete;C9:9D15;⏎  We have to get her help!;non;C9:9CB8: insufficient_context_or_segmentation;
023C;alignment_incomplete;C9:9D5F;NEKO:Purrfect weather!;oui;C9:9D5F: insufficient_context_or_segmentation | C9:9D7C: insufficient_lexical_confidence;
023C;alignment_incomplete;C9:9D7C;What can I do for you? ⏎;oui;C9:9D5F: insufficient_context_or_segmentation | C9:9D7C: insufficient_lexical_confidence;
023C;alignment_incomplete;C9:9D9A;Save;non;C9:9D5F: insufficient_context_or_segmentation | C9:9D7C: insufficient_lexical_confidence;
023C;alignment_incomplete;C9:9DA0;Buy;non;C9:9D5F: insufficient_context_or_segmentation | C9:9D7C: insufficient_lexical_confidence;
023C;alignment_incomplete;C9:9DA5;Sell );non;C9:9D5F: insufficient_context_or_segmentation | C9:9D7C: insufficient_lexical_confidence;
023D;alignment_incomplete;C9:9DBB;WATTS:I decided to get out ⏎  of that hole! ⏎  Just smell this fresh air!;oui;C9:9DBB: insufficient_lexical_confidence;
024B;alignment_incomplete;C9:9EC0;MOOGLE:...Puu... ⏎;oui;C9:9EC0: strong_but_ambiguous;
024B;alignment_incomplete;C9:9EDB;:Listen! ⏎  He's laughing!;non;C9:9EC0: strong_but_ambiguous;
024B;alignment_incomplete;C9:9EF8;:No, crying. ⏎  Pebblers have taken over ⏎  their village.;non;C9:9EC0: strong_but_ambiguous;
024F;alignment_incomplete;C9:9F88;The Empire sent monsters ⏎ into the palace!;oui;C9:9F88: insufficient_lexical_confidence;
0250;alignment_incomplete;C9:9FC5;:I'm baaack! ⏎;non;C9:A00D: insufficient_context_or_segmentation;
0250;alignment_incomplete;C9:9FDA;..? What the...? ⏎;non;C9:A00D: insufficient_context_or_segmentation;
0250;alignment_incomplete;C9:A00D;The village is a shambles!;oui;C9:A00D: insufficient_context_or_segmentation;
0250;alignment_incomplete;C9:A02A;⏎  What on earth happened?;non;C9:A00D: insufficient_context_or_segmentation;
0250;alignment_incomplete;C9:A052;Hey! Something's here!;non;C9:A00D: insufficient_context_or_segmentation;
0253;simulator_rejected;C9:A082;GRANDPA:Let me fix you up! ⏎;non;"UNSUPPORTED_LAYOUT_COMMAND: Simulator does not yet model CHOICE_BEGIN ; event must remain review-only. | UNSUPPORTED_LAYOUT_COMMAND: Simulator does not yet model CHOICE_OPTION 05; event must remain review-only. | UNSUPPORTED_LAYOUT_COMMAND: Simulator does not yet model CHOICE_OPTION 0A; event must remain review-only. | UNSUPPORTED_LAYOUT_COMMAND: Simulator does not yet model CHOICE_END ; event must remain review-only.";
0253;simulator_rejected;C9:A0A1;Shall I save your game? ⏎;non;"UNSUPPORTED_LAYOUT_COMMAND: Simulator does not yet model CHOICE_BEGIN ; event must remain review-only. | UNSUPPORTED_LAYOUT_COMMAND: Simulator does not yet model CHOICE_OPTION 05; event must remain review-only. | UNSUPPORTED_LAYOUT_COMMAND: Simulator does not yet model CHOICE_OPTION 0A; event must remain review-only. | UNSUPPORTED_LAYOUT_COMMAND: Simulator does not yet model CHOICE_END ; event must remain review-only.";
0253;simulator_rejected;C9:A0C0;Yes;non;"UNSUPPORTED_LAYOUT_COMMAND: Simulator does not yet model CHOICE_BEGIN ; event must remain review-only. | UNSUPPORTED_LAYOUT_COMMAND: Simulator does not yet model CHOICE_OPTION 05; event must remain review-only. | UNSUPPORTED_LAYOUT_COMMAND: Simulator does not yet model CHOICE_OPTION 0A; event must remain review-only. | UNSUPPORTED_LAYOUT_COMMAND: Simulator does not yet model CHOICE_END ; event must remain review-only.";
0253;simulator_rejected;C9:A0C5;No  );non;"UNSUPPORTED_LAYOUT_COMMAND: Simulator does not yet model CHOICE_BEGIN ; event must remain review-only. | UNSUPPORTED_LAYOUT_COMMAND: Simulator does not yet model CHOICE_OPTION 05; event must remain review-only. | UNSUPPORTED_LAYOUT_COMMAND: Simulator does not yet model CHOICE_OPTION 0A; event must remain review-only. | UNSUPPORTED_LAYOUT_COMMAND: Simulator does not yet model CHOICE_END ; event must remain review-only.";
025F;alignment_incomplete;C9:A255;The king's inside.;oui;C9:A255: insufficient_lexical_confidence;
0269;alignment_incomplete;C9:A49C;TRUFFLE:I'm rooting for you!;oui;C9:A49C: insufficient_context_or_segmentation;
0272;alignment_incomplete;C9:A5F1;“GONTMA” means goodbye! ⏎;oui;C9:A5F1: insufficient_context_or_segmentation;
0278;alignment_incomplete;C9:A6CE;TRUFFLE:How do you like ⏎  riding Flammie?;non;C9:A730: insufficient_lexical_confidence | C9:A74E: insufficient_lexical_confidence;
0278;alignment_incomplete;C9:A6F9;When you get lost up there, use his special powers.;non;C9:A730: insufficient_lexical_confidence | C9:A74E: insufficient_lexical_confidence;
0278;alignment_incomplete;C9:A730;Press START to see the map.;oui;C9:A730: insufficient_lexical_confidence | C9:A74E: insufficient_lexical_confidence;
0278;alignment_incomplete;C9:A74E;L/R buttons change modes.;oui;C9:A730: insufficient_lexical_confidence | C9:A74E: insufficient_lexical_confidence;
0278;alignment_incomplete;C9:A76B;You'll find the Lofty ⏎  Mountains to the southwest. What you seek is there.;non;C9:A730: insufficient_lexical_confidence | C9:A74E: insufficient_lexical_confidence;
0278;alignment_incomplete;C9:A7B9;Visit me again, okay!?;non;C9:A730: insufficient_lexical_confidence | C9:A74E: insufficient_lexical_confidence;
028A;alignment_incomplete;C9:A989;:Throat's...so dry... ⏎  can't go on! ⏎;non;C9:A9EB: ambiguous_exact_duplicates_with_different_french;
028A;alignment_incomplete;C9:A9B3;:We're finished...;non;C9:A9EB: ambiguous_exact_duplicates_with_different_french;
028A;alignment_incomplete;C9:A9CE;:LOOK! Over there! ⏎;non;C9:A9EB: ambiguous_exact_duplicates_with_different_french;
028A;alignment_incomplete;C9:A9EB;Hurry!;oui;C9:A9EB: ambiguous_exact_duplicates_with_different_french;
028B;alignment_incomplete;C9:AA04;What a life saver!;non;C9:ABBE: insufficient_lexical_confidence;
028B;alignment_incomplete;C9:AA28;YOU! What are you doing ⏎ out here? Only Imperial ⏎ spies could be so stupid!;non;C9:ABBE: insufficient_lexical_confidence;
028B;alignment_incomplete;C9:AA7A;:Give us a break! ⏎;non;C9:ABBE: insufficient_lexical_confidence;
028B;alignment_incomplete;C9:AA8E;:How rude!;non;C9:ABBE: insufficient_lexical_confidence;
028B;alignment_incomplete;C9:AAA2;What are you doing?;non;C9:ABBE: insufficient_lexical_confidence;
028B;alignment_incomplete;C9:AABF;Sir! Picked up some spies!;non;C9:ABBE: insufficient_lexical_confidence;
028B;alignment_incomplete;C9:AAE0;COMMANDER:Hold on. Maybe ⏎  they just got lost...;non;C9:ABBE: insufficient_lexical_confidence;
028B;alignment_incomplete;C9:AB1A;:We'd almost given ⏎  up!;non;C9:ABBE: insufficient_lexical_confidence;
028B;alignment_incomplete;C9:AB34;COMMANDER:I like you so I'm ⏎  going to help you.;non;C9:ABBE: insufficient_lexical_confidence;
028B;alignment_incomplete;C9:AB66;You'll work the engines, ⏎  the shrimp'll make meals, ⏎  and she comes with me..!;non;C9:ABBE: insufficient_lexical_confidence;
028B;alignment_incomplete;C9:ABBE;You heard him! Move!;oui;C9:ABBE: insufficient_lexical_confidence;
028E;alignment_incomplete;C9:AC32;This is the Republic's ⏎ secret sandship.;oui;C9:AC32: insufficient_lexical_confidence;
0293;alignment_incomplete;C9:AE91;Guard:YOU! Get back to your ⏎  post!;non;C9:AEB6: insufficient_lexical_confidence;
0293;alignment_incomplete;C9:AEB6;SERGO:Fire! Fire! ⏎ Guard:What!? Out of my way!;oui;C9:AEB6: insufficient_lexical_confidence;
0295;alignment_incomplete;C9:AF19;GUARD:Stop lollygagging!;oui;C9:AF19: insufficient_context_or_segmentation;
0295;alignment_incomplete;C9:AF36;:Pant, pant...whew!;non;C9:AF19: insufficient_context_or_segmentation;
0295;alignment_incomplete;C9:AF50;Just like paradise in here, eh, buddy?;non;C9:AF19: insufficient_context_or_segmentation;
029C;alignment_incomplete;C9:B0E3;MORIE:Massage my back! ⏎;oui;C9:B0E3: insufficient_context_or_segmentation | C9:B1B0: insufficient_lexical_confidence | C9:B330: insufficient_context_or_segmentation;
029C;alignment_incomplete;C9:B0FC;:I'd rather have my ⏎  gums scraped!;non;C9:B0E3: insufficient_context_or_segmentation | C9:B1B0: insufficient_lexical_confidence | C9:B330: insufficient_context_or_segmentation;
029C;alignment_incomplete;C9:B129;MORIE:Spoiled BRAT!!;non;C9:B0E3: insufficient_context_or_segmentation | C9:B1B0: insufficient_lexical_confidence | C9:B330: insufficient_context_or_segmentation;
029C;alignment_incomplete;C9:B14A;:I oughtta..!;non;C9:B0E3: insufficient_context_or_segmentation | C9:B1B0: insufficient_lexical_confidence | C9:B330: insufficient_context_or_segmentation;
029C;alignment_incomplete;C9:B166;MERIA:Morie! How dare you!;non;C9:B0E3: insufficient_context_or_segmentation | C9:B1B0: insufficient_lexical_confidence | C9:B330: insufficient_context_or_segmentation;
029C;alignment_incomplete;C9:B187;MORIE:But Grandpa, she's ⏎  being a...;non;C9:B0E3: insufficient_context_or_segmentation | C9:B1B0: insufficient_lexical_confidence | C9:B330: insufficient_context_or_segmentation;
029C;alignment_incomplete;C9:B1B0;:Harumph!!;oui;C9:B0E3: insufficient_context_or_segmentation | C9:B1B0: insufficient_lexical_confidence | C9:B330: insufficient_context_or_segmentation;
029C;alignment_incomplete;C9:B1C4;⏎ MERIA:You're pathetic! ⏎;non;C9:B0E3: insufficient_context_or_segmentation | C9:B1B0: insufficient_lexical_confidence | C9:B330: insufficient_context_or_segmentation;
029C;alignment_incomplete;C9:B1E0;Woman! Get out of here! ⏎;non;C9:B0E3: insufficient_context_or_segmentation | C9:B1B0: insufficient_lexical_confidence | C9:B330: insufficient_context_or_segmentation;
029C;alignment_incomplete;C9:B1FB;:Jerks...;non;C9:B0E3: insufficient_context_or_segmentation | C9:B1B0: insufficient_lexical_confidence | C9:B330: insufficient_context_or_segmentation;
029C;alignment_incomplete;C9:B21C;:Am I glad to see ⏎  you!;non;C9:B0E3: insufficient_context_or_segmentation | C9:B1B0: insufficient_lexical_confidence | C9:B330: insufficient_context_or_segmentation;
029C;alignment_incomplete;C9:B236;MORIE:They've escaped! ⏎  This is your fault, ⏎  Gramps!;non;C9:B0E3: insufficient_context_or_segmentation | C9:B1B0: insufficient_lexical_confidence | C9:B330: insufficient_context_or_segmentation;
029C;alignment_incomplete;C9:B26C;⏎ MERIA:I...um... ⏎;non;C9:B0E3: insufficient_context_or_segmentation | C9:B1B0: insufficient_lexical_confidence | C9:B330: insufficient_context_or_segmentation;
029C;alignment_incomplete;C9:B281;Escapees! Grab 'em!;non;C9:B0E3: insufficient_context_or_segmentation | C9:B1B0: insufficient_lexical_confidence | C9:B330: insufficient_context_or_segmentation;
029C;alignment_incomplete;C9:B2BD;What the..?;non;C9:B0E3: insufficient_context_or_segmentation | C9:B1B0: insufficient_lexical_confidence | C9:B330: insufficient_context_or_segmentation;
029C;alignment_incomplete;C9:B2CE;GUARD:The Empire! ⏎ MORIE:Aiee! Let's ⏎  surrender!;non;C9:B0E3: insufficient_context_or_segmentation | C9:B1B0: insufficient_lexical_confidence | C9:B330: insufficient_context_or_segmentation;
029C;alignment_incomplete;C9:B2FF;⏎ MERIA:You IDIOT! You're no ⏎  soldier! To arms!;non;C9:B0E3: insufficient_context_or_segmentation | C9:B1B0: insufficient_lexical_confidence | C9:B330: insufficient_context_or_segmentation;
029C;alignment_incomplete;C9:B330;SOLDIER:No way! ⏎  We're with Morie!;oui;C9:B0E3: insufficient_context_or_segmentation | C9:B1B0: insufficient_lexical_confidence | C9:B330: insufficient_context_or_segmentation;
02A2;alignment_incomplete;C9:B431;MORIE:Oh! My beautiful ship!MERIA:Shameful!;oui;C9:B431: insufficient_lexical_confidence;
02A7;alignment_incomplete;C9:B580;A rescue team's coming. ⏎  Are you leaving?;oui;C9:B580: insufficient_lexical_confidence;
02A7;alignment_incomplete;C9:B5B3;Yes;non;C9:B580: insufficient_lexical_confidence;
02A7;alignment_incomplete;C9:B5B8;No  );non;C9:B580: insufficient_lexical_confidence;
02A9;alignment_incomplete;C9:B5CE;Go north to the kingdom of ⏎ Kakkara, then west to the ⏎ Fire Palace.;oui;C9:B5CE: ambiguous_exact_duplicates_with_different_french;
02AA;simulator_rejected;C9:B615;All's clear! ⏎ Make a log entry?;non;"UNSUPPORTED_LAYOUT_COMMAND: Simulator does not yet model CHOICE_BEGIN ; event must remain review-only. | UNSUPPORTED_LAYOUT_COMMAND: Simulator does not yet model CHOICE_OPTION 05; event must remain review-only. | UNSUPPORTED_LAYOUT_COMMAND: Simulator does not yet model CHOICE_OPTION 0A; event must remain review-only. | UNSUPPORTED_LAYOUT_COMMAND: Simulator does not yet model CHOICE_END ; event must remain review-only.";
02AA;simulator_rejected;C9:B63C;Yes;non;"UNSUPPORTED_LAYOUT_COMMAND: Simulator does not yet model CHOICE_BEGIN ; event must remain review-only. | UNSUPPORTED_LAYOUT_COMMAND: Simulator does not yet model CHOICE_OPTION 05; event must remain review-only. | UNSUPPORTED_LAYOUT_COMMAND: Simulator does not yet model CHOICE_OPTION 0A; event must remain review-only. | UNSUPPORTED_LAYOUT_COMMAND: Simulator does not yet model CHOICE_END ; event must remain review-only.";
02AA;simulator_rejected;C9:B641;No  );non;"UNSUPPORTED_LAYOUT_COMMAND: Simulator does not yet model CHOICE_BEGIN ; event must remain review-only. | UNSUPPORTED_LAYOUT_COMMAND: Simulator does not yet model CHOICE_OPTION 05; event must remain review-only. | UNSUPPORTED_LAYOUT_COMMAND: Simulator does not yet model CHOICE_OPTION 0A; event must remain review-only. | UNSUPPORTED_LAYOUT_COMMAND: Simulator does not yet model CHOICE_END ; event must remain review-only.";
02AE;alignment_incomplete;C9:B691;AMAR:Faerie Walnut?! Oh, ⏎  please! Huh!;oui;C9:B691: insufficient_lexical_confidence | C9:B6B9: insufficient_lexical_confidence;
02AE;alignment_incomplete;C9:B6B9;You mean...;oui;C9:B691: insufficient_lexical_confidence | C9:B6B9: insufficient_lexical_confidence;
02AE;alignment_incomplete;C9:B6C7;Oh, you were talking about ⏎  the Mana seed. Sorry!;non;C9:B691: insufficient_lexical_confidence | C9:B6B9: insufficient_lexical_confidence;
02AE;alignment_incomplete;C9:B6FC;Watch out for monsters when you return the seed.;non;C9:B691: insufficient_lexical_confidence | C9:B6B9: insufficient_lexical_confidence;
02B0;alignment_incomplete;C9:B77B;AMAR:Candy?! Listen, you, ⏎  I'm King Amar!;oui;C9:B77B: insufficient_context_or_segmentation | C9:B7A7: insufficient_lexical_confidence | C9:B7F7: insufficient_lexical_confidence;
02B0;alignment_incomplete;C9:B7A7;But I've worse problems. ⏎  Our water's gone. And some ⏎  guy named Jema said...;oui;C9:B77B: insufficient_context_or_segmentation | C9:B7A7: insufficient_lexical_confidence | C9:B7F7: insufficient_lexical_confidence;
02B0;alignment_incomplete;C9:B7F7;...that the Mana seed's ⏎  been stolen from the palace to the west...;oui;C9:B77B: insufficient_context_or_segmentation | C9:B7A7: insufficient_lexical_confidence | C9:B7F7: insufficient_lexical_confidence;
02B2;alignment_incomplete;C9:B89E;AMAR:It's a Sea Hare's ⏎  tail! Hurrah!;oui;C9:B89E: insufficient_lexical_confidence | C9:B8F8: insufficient_lexical_confidence;
02B2;alignment_incomplete;C9:B8D4;AMAR:Water...WATER! ⏎  We're saved!;non;C9:B89E: insufficient_lexical_confidence | C9:B8F8: insufficient_lexical_confidence;
02B2;alignment_incomplete;C9:B8F8;In return let me give you ⏎  this belt!;oui;C9:B89E: insufficient_lexical_confidence | C9:B8F8: insufficient_lexical_confidence;
02B2;alignment_incomplete;C9:B924;Got Moogle Belt!;non;C9:B89E: insufficient_lexical_confidence | C9:B8F8: insufficient_lexical_confidence;
02B4;alignment_incomplete;C9:B99D;Someone's nabbed Salamando, ⏎ keeper of the Fire Palace.;non;C9:B9D6: insufficient_lexical_confidence;
02B4;alignment_incomplete;C9:B9D6;What's more, the Fire seed ⏎ is gone!;oui;C9:B9D6: insufficient_lexical_confidence;
02B7;alignment_incomplete;C9:BA34;Everyone's moving away... ⏎ I think I'll move to the ⏎;non;C9:BA6C: ambiguous_exact_duplicates_with_different_french | C9:BA7C: ambiguous_exact_duplicates_with_different_french;
02B7;alignment_incomplete;C9:BA6C;Ice Country...;oui;C9:BA6C: ambiguous_exact_duplicates_with_different_french | C9:BA7C: ambiguous_exact_duplicates_with_different_french;
02B7;alignment_incomplete;C9:BA7C;⏎ I heard there's a town as ⏎ warm as this one there! ⏎;oui;C9:BA6C: ambiguous_exact_duplicates_with_different_french | C9:BA7C: ambiguous_exact_duplicates_with_different_french;
02B9;alignment_incomplete;C9:BAD6;Salamando is;oui;C9:BAD6: insufficient_lexical_confidence | C9:BAE8: insufficient_lexical_confidence;
02B9;alignment_incomplete;C9:BAE8;gone! He lived ⏎ in the Fire Palace.;oui;C9:BAD6: insufficient_lexical_confidence | C9:BAE8: insufficient_lexical_confidence;
02BD;alignment_incomplete;C9:BB6F;my friend, and ⏎ you're his friend. That ⏎ makes us friends, too!;oui;C9:BB6F: strong_but_ambiguous;
02C0;alignment_incomplete;C9:BC60;“Karon's Ferry” ⏎;oui;C9:BC60: insufficient_lexical_confidence | C9:BC72: insufficient_lexical_confidence;
02C0;alignment_incomplete;C9:BC72;Out to lunch.;oui;C9:BC60: insufficient_lexical_confidence | C9:BC72: insufficient_lexical_confidence;
02CD;alignment_incomplete;C9:BE42;The seed's on the stage! ⏎ Hold up the sword!;oui;C9:BE42: insufficient_lexical_confidence;
02D4;alignment_incomplete;C9:BFC1;KING:Who are you? ⏎  You must be spies!;non;C9:C039: insufficient_lexical_confidence;
02D4;alignment_incomplete;C9:BFED;:Wait a minute...;non;C9:C039: insufficient_lexical_confidence;
02D4;alignment_incomplete;C9:C000;⏎ GUARD:Silence, spy. ⏎ KING:Take them away!;non;C9:C039: insufficient_lexical_confidence;
02D4;alignment_incomplete;C9:C039;GUARD:WAIT! ⏎  He's not the king..!;oui;C9:C039: insufficient_lexical_confidence;
02D4;alignment_incomplete;C9:C062;KING(?):Ha! Using the king, ⏎  I could have ruined this ⏎  realm...;non;C9:C039: insufficient_lexical_confidence;
02D4;alignment_incomplete;C9:C0A3;⏎  But...I've failed.;non;C9:C039: insufficient_lexical_confidence;
02D4;alignment_incomplete;C9:C0B9;⏎  Take THIS!;non;C9:C039: insufficient_lexical_confidence;
02D4;alignment_incomplete;C9:C0CE;:What've you done? ⏎ KING(?):They're probably at ⏎  the castle entrance!;non;C9:C039: insufficient_lexical_confidence;
02D4;alignment_incomplete;C9:C114;⏎  Think I'll have YOU ⏎  destroy the king! ⏎;non;C9:C039: insufficient_lexical_confidence;
02D4;alignment_incomplete;C9:C13F;:Think again!;non;C9:C039: insufficient_lexical_confidence;
02DE;alignment_incomplete;C9:C4FB;Drink this medicine! ⏎ It'll fix ya right up!;oui;C9:C4FB: insufficient_lexical_confidence;
02E1;alignment_incomplete;C9:C56C;We'll smash the Empire!;oui;C9:C56C: insufficient_lexical_confidence;
02E2;alignment_incomplete;C9:C58C;Serin, our hero taught us tolive in the castle. We all ⏎ moved in 15 years ago.;oui;C9:C58C: insufficient_context_or_segmentation;
02E4;alignment_incomplete;C9:C604;Jema's still the realm's ⏎ finest warrior.;non;C9:C62F: insufficient_lexical_confidence;
02E4;alignment_incomplete;C9:C62F;His only equal was the ⏎ legendary warrior, Serin.;oui;C9:C62F: insufficient_lexical_confidence;
02E6;alignment_incomplete;C9:C68A;The Emperor's after our ⏎ King!;oui;C9:C68A: insufficient_lexical_confidence;
02EE;alignment_incomplete;C9:C830;GIRL:A tiny little sprite! ⏎;oui;C9:C830: insufficient_context_or_segmentation;
02EE;alignment_incomplete;C9:C84D;:YOU'RE the tiny one.;non;C9:C830: insufficient_context_or_segmentation;
02F1;alignment_incomplete;C9:C8A2;Hello!;oui;C9:C8A2: insufficient_context_or_segmentation;
02F2;alignment_incomplete;C9:C8AC;Aieeee!;oui;C9:C8AC: insufficient_context_or_segmentation;
02F8;alignment_incomplete;C9:C98C;Age means nothing, as long ⏎ as there's love! ⏎ Adults just don't get it!;oui;C9:C98C: insufficient_lexical_confidence;
02F9;alignment_incomplete;C9:C9D5;I'm not making it here...;oui;C9:C9D5: insufficient_lexical_confidence | C9:CA38: insufficient_lexical_confidence;
02F9;alignment_incomplete;C9:C9F6;There's nothing on this ⏎ blasted isle 'cept these ⏎ Sea Hare tails!;non;C9:C9D5: insufficient_lexical_confidence | C9:CA38: insufficient_lexical_confidence;
02F9;alignment_incomplete;C9:CA38;⏎ Eh? You actually WANT one?;oui;C9:C9D5: insufficient_lexical_confidence | C9:CA38: insufficient_lexical_confidence;
02F9;alignment_incomplete;C9:CA5A;Got Sea Hare's tail!;non;C9:C9D5: insufficient_lexical_confidence | C9:CA38: insufficient_lexical_confidence;
02F9;alignment_incomplete;C9:CA73;I'll keep it in my pocket.;non;C9:C9D5: insufficient_lexical_confidence | C9:CA38: insufficient_lexical_confidence;
02FC;alignment_incomplete;C9:CAA6;⏎ (Unfinished diary entry);oui;C9:CAA6: insufficient_lexical_confidence | C9:CAC2: insufficient_lexical_confidence | C9:CB0C: insufficient_lexical_confidence | C9:CB28: insufficient_lexical_confidence;
02FC;alignment_incomplete;C9:CAC2;...My cover's been blown... Some monster's using ⏎  the Emperor's body to;oui;C9:CAA6: insufficient_lexical_confidence | C9:CAC2: insufficient_lexical_confidence | C9:CB0C: insufficient_lexical_confidence | C9:CB28: insufficient_lexical_confidence;
02FC;alignment_incomplete;C9:CB0C;⏎  ⏎ (Text suddenly stops);oui;C9:CAA6: insufficient_lexical_confidence | C9:CAC2: insufficient_lexical_confidence | C9:CB0C: insufficient_lexical_confidence | C9:CB28: insufficient_lexical_confidence;
02FC;alignment_incomplete;C9:CB28;:What does this mean?;oui;C9:CAA6: insufficient_lexical_confidence | C9:CAC2: insufficient_lexical_confidence | C9:CB0C: insufficient_lexical_confidence | C9:CB28: insufficient_lexical_confidence;
0310;simulator_rejected;C9:CC8A;What'll it be? ⏎;non;"UNSUPPORTED_LAYOUT_COMMAND: Simulator does not yet model CHOICE_BEGIN ; event must remain review-only. | UNSUPPORTED_LAYOUT_COMMAND: Simulator does not yet model CHOICE_OPTION 05; event must remain review-only. | UNSUPPORTED_LAYOUT_COMMAND: Simulator does not yet model CHOICE_OPTION 0A; event must remain review-only. | UNSUPPORTED_LAYOUT_COMMAND: Simulator does not yet model CHOICE_END ; event must remain review-only.";
0310;simulator_rejected;C9:CCA0;Buy;non;"UNSUPPORTED_LAYOUT_COMMAND: Simulator does not yet model CHOICE_BEGIN ; event must remain review-only. | UNSUPPORTED_LAYOUT_COMMAND: Simulator does not yet model CHOICE_OPTION 05; event must remain review-only. | UNSUPPORTED_LAYOUT_COMMAND: Simulator does not yet model CHOICE_OPTION 0A; event must remain review-only. | UNSUPPORTED_LAYOUT_COMMAND: Simulator does not yet model CHOICE_END ; event must remain review-only.";
0310;simulator_rejected;C9:CCA5;Sell );non;"UNSUPPORTED_LAYOUT_COMMAND: Simulator does not yet model CHOICE_BEGIN ; event must remain review-only. | UNSUPPORTED_LAYOUT_COMMAND: Simulator does not yet model CHOICE_OPTION 05; event must remain review-only. | UNSUPPORTED_LAYOUT_COMMAND: Simulator does not yet model CHOICE_OPTION 0A; event must remain review-only. | UNSUPPORTED_LAYOUT_COMMAND: Simulator does not yet model CHOICE_END ; event must remain review-only.";
0314;simulator_rejected;C9:CD25;Anything else? ⏎;non;"UNSUPPORTED_LAYOUT_COMMAND: Simulator does not yet model CHOICE_BEGIN ; event must remain review-only. | UNSUPPORTED_LAYOUT_COMMAND: Simulator does not yet model CHOICE_OPTION 05; event must remain review-only. | UNSUPPORTED_LAYOUT_COMMAND: Simulator does not yet model CHOICE_OPTION 0A; event must remain review-only. | UNSUPPORTED_LAYOUT_COMMAND: Simulator does not yet model CHOICE_END ; event must remain review-only.";
0314;simulator_rejected;C9:CD3B;Buy;non;"UNSUPPORTED_LAYOUT_COMMAND: Simulator does not yet model CHOICE_BEGIN ; event must remain review-only. | UNSUPPORTED_LAYOUT_COMMAND: Simulator does not yet model CHOICE_OPTION 05; event must remain review-only. | UNSUPPORTED_LAYOUT_COMMAND: Simulator does not yet model CHOICE_OPTION 0A; event must remain review-only. | UNSUPPORTED_LAYOUT_COMMAND: Simulator does not yet model CHOICE_END ; event must remain review-only.";
0314;simulator_rejected;C9:CD40;Sell );non;"UNSUPPORTED_LAYOUT_COMMAND: Simulator does not yet model CHOICE_BEGIN ; event must remain review-only. | UNSUPPORTED_LAYOUT_COMMAND: Simulator does not yet model CHOICE_OPTION 05; event must remain review-only. | UNSUPPORTED_LAYOUT_COMMAND: Simulator does not yet model CHOICE_OPTION 0A; event must remain review-only. | UNSUPPORTED_LAYOUT_COMMAND: Simulator does not yet model CHOICE_END ; event must remain review-only.";
0318;alignment_incomplete;C9:CD5C;NEKO:I love meow-ntain ⏎  climbing! Need anything?;non;C9:CD95: insufficient_lexical_confidence;
0318;alignment_incomplete;C9:CD95;I'll even save your game! ⏎;oui;C9:CD95: insufficient_lexical_confidence;
0318;alignment_incomplete;C9:CDB6;Save;non;C9:CD95: insufficient_lexical_confidence;
0318;alignment_incomplete;C9:CDBC;Buy;non;C9:CD95: insufficient_lexical_confidence;
0318;alignment_incomplete;C9:CDC1;Sell );non;C9:CD95: insufficient_lexical_confidence;
0319;simulator_rejected;C9:CDD2;NEKO:Finally on your way? ⏎  Good luck!;non;"UNSUPPORTED_LAYOUT_COMMAND: Simulator does not yet model CHOICE_BEGIN ; event must remain review-only. | UNSUPPORTED_LAYOUT_COMMAND: Simulator does not yet model CHOICE_OPTION 05; event must remain review-only. | UNSUPPORTED_LAYOUT_COMMAND: Simulator does not yet model CHOICE_OPTION 0A; event must remain review-only. | UNSUPPORTED_LAYOUT_COMMAND: Simulator does not yet model CHOICE_END ; event must remain review-only.";
0319;simulator_rejected;C9:CDFE;Have everything you need? ⏎;non;"UNSUPPORTED_LAYOUT_COMMAND: Simulator does not yet model CHOICE_BEGIN ; event must remain review-only. | UNSUPPORTED_LAYOUT_COMMAND: Simulator does not yet model CHOICE_OPTION 05; event must remain review-only. | UNSUPPORTED_LAYOUT_COMMAND: Simulator does not yet model CHOICE_OPTION 0A; event must remain review-only. | UNSUPPORTED_LAYOUT_COMMAND: Simulator does not yet model CHOICE_END ; event must remain review-only.";
0319;simulator_rejected;C9:CE1F;Buy;non;"UNSUPPORTED_LAYOUT_COMMAND: Simulator does not yet model CHOICE_BEGIN ; event must remain review-only. | UNSUPPORTED_LAYOUT_COMMAND: Simulator does not yet model CHOICE_OPTION 05; event must remain review-only. | UNSUPPORTED_LAYOUT_COMMAND: Simulator does not yet model CHOICE_OPTION 0A; event must remain review-only. | UNSUPPORTED_LAYOUT_COMMAND: Simulator does not yet model CHOICE_END ; event must remain review-only.";
0319;simulator_rejected;C9:CE24;Sell );non;"UNSUPPORTED_LAYOUT_COMMAND: Simulator does not yet model CHOICE_BEGIN ; event must remain review-only. | UNSUPPORTED_LAYOUT_COMMAND: Simulator does not yet model CHOICE_OPTION 05; event must remain review-only. | UNSUPPORTED_LAYOUT_COMMAND: Simulator does not yet model CHOICE_OPTION 0A; event must remain review-only. | UNSUPPORTED_LAYOUT_COMMAND: Simulator does not yet model CHOICE_END ; event must remain review-only.";
0320;alignment_incomplete;C9:CE3D;5;oui;C9:CE3D: insufficient_context_or_segmentation;
0321;alignment_incomplete;C9:CE46;10;oui;C9:CE46: insufficient_lexical_confidence;
0322;alignment_incomplete;C9:CE50;15;oui;C9:CE50: insufficient_lexical_confidence;
0323;alignment_incomplete;C9:CE5A;30;oui;C9:CE5A: insufficient_lexical_confidence;
0324;alignment_incomplete;C9:CE64;50;oui;C9:CE64: insufficient_lexical_confidence;
0325;alignment_incomplete;C9:CE6E;100;oui;C9:CE6E: insufficient_lexical_confidence;
0326;alignment_incomplete;C9:CE79;120;oui;C9:CE79: insufficient_lexical_confidence;
0327;alignment_incomplete;C9:CE84;150;oui;C9:CE84: insufficient_lexical_confidence;
0328;alignment_incomplete;C9:CE8F;200;oui;C9:CE8F: insufficient_lexical_confidence;
0330;alignment_incomplete;C9:CEA3;One night is;oui;C9:CEA3: insufficient_lexical_confidence;
0331;alignment_incomplete;C9:CEB3;GP. ⏎  Want to stay? ⏎;oui;C9:CEB3: insufficient_lexical_confidence;
0331;alignment_incomplete;C9:CECE;Yes;non;C9:CEB3: insufficient_lexical_confidence;
0331;alignment_incomplete;C9:CED3;No  );non;C9:CEB3: insufficient_lexical_confidence;
0358;alignment_incomplete;C9:D12C;Gnome;oui;C9:D12C: insufficient_lexical_confidence;
0359;alignment_incomplete;C9:D13F;Undine;oui;C9:D13F: insufficient_lexical_confidence;
035A;alignment_incomplete;C9:D153;Sylphid;oui;C9:D153: insufficient_lexical_confidence;
035B;alignment_incomplete;C9:D168;Salamando;oui;C9:D168: insufficient_lexical_confidence;
035C;alignment_incomplete;C9:D17F;Lumina;oui;C9:D17F: insufficient_lexical_confidence;
035D;alignment_incomplete;C9:D193;Shade;oui;C9:D193: insufficient_lexical_confidence;
035E;alignment_incomplete;C9:D1A6;Luna;oui;C9:D1A6: insufficient_lexical_confidence;
035F;alignment_incomplete;C9:D1B8;Dryad;oui;C9:D1B8: insufficient_lexical_confidence;
0360;alignment_incomplete;C9:D1C0;'s magic ⏎;oui;C9:D1C0: insufficient_lexical_confidence | C9:D1CB: insufficient_lexical_confidence;
0360;alignment_incomplete;C9:D1CB;will work!;oui;C9:D1C0: insufficient_lexical_confidence | C9:D1CB: insufficient_lexical_confidence;
0363;alignment_incomplete;C9:D1DB;ELDER:Leave now and you'll ⏎  never return.;oui;C9:D1DB: insufficient_context_or_segmentation;
0363;alignment_incomplete;C9:D207;First find the Magic Rope ⏎  hidden up above...;non;C9:D1DB: insufficient_context_or_segmentation;
0367;alignment_incomplete;C9:D347;ELDER:You're safe! Somehow ⏎  you seem older...;oui;C9:D347: insufficient_context_or_segmentation;
036D;alignment_incomplete;C9:D43A;BOSS:Go get them now! ⏎  See ya, farewell, ⏎  good bye children!;oui;C9:D43A: insufficient_context_or_segmentation;
036D;alignment_incomplete;C9:D482;BOSS:Aiee! What's wrong? ⏎ BOYS: Too much energy... ⏎  it's out of control!;non;C9:D43A: insufficient_context_or_segmentation;
036D;alignment_incomplete;C9:D4CB;⏎ BOSS:Nooo! Remove the seed! ⏎  Use the auxillary power!;non;C9:D43A: insufficient_context_or_segmentation;
036F;alignment_incomplete;C9:D515;Aha! The Water seed!;non;C9:D563: insufficient_lexical_confidence | C9:D661: insufficient_lexical_confidence;
036F;alignment_incomplete;C9:D53C;How'd you get in here? ⏎;non;C9:D563: insufficient_lexical_confidence | C9:D661: insufficient_lexical_confidence;
036F;alignment_incomplete;C9:D563;You realize we can't ⏎  let you leave...;oui;C9:D563: insufficient_lexical_confidence | C9:D661: insufficient_lexical_confidence;
036F;alignment_incomplete;C9:D591;BOSS:Welcome! We, the ⏎  Scorpion army, will rule ⏎  the world!;non;C9:D563: insufficient_lexical_confidence | C9:D661: insufficient_lexical_confidence;
036F;alignment_incomplete;C9:D5D6;BOYS:Check it out!;non;C9:D563: insufficient_lexical_confidence | C9:D661: insufficient_lexical_confidence;
036F;alignment_incomplete;C9:D5EF;BOSS:Shuddap!;non;C9:D563: insufficient_lexical_confidence | C9:D661: insufficient_lexical_confidence;
036F;alignment_incomplete;C9:D601;⏎  WE took the Water seed...;non;C9:D563: insufficient_lexical_confidence | C9:D661: insufficient_lexical_confidence;
036F;alignment_incomplete;C9:D61E;⏎  ...to complete our Super ⏎  Deluxe Robot! ⏎  We call it “Kilroy...”;non;C9:D563: insufficient_lexical_confidence | C9:D661: insufficient_lexical_confidence;
036F;alignment_incomplete;C9:D661;⏎ BOYS:Hubba, hubba! ⏎ BOSS:Do it!! ⏎ BOYS:Aye aye, Sir.;oui;C9:D563: insufficient_lexical_confidence | C9:D661: insufficient_lexical_confidence;
0373;alignment_incomplete;C9:D70D;There's a strange old man ⏎ in the Ice Forest...;oui;C9:D70D: insufficient_context_or_segmentation;
0378;alignment_incomplete;C9:D7D0;Watts:This town smells ⏎  like war... ⏎  Found any new weapon orbs?;oui;C9:D7D0: insufficient_lexical_confidence;
0384;alignment_incomplete;C9:D913;Hey, who're you? ⏎ Haven't we met? Oh, well. ⏎ Watch this stove.;oui;C9:D913: insufficient_lexical_confidence | C9:D951: insufficient_context_or_segmentation;
0384;alignment_incomplete;C9:D951;⏎ Just whack it if it cools ⏎ down. Okay?;oui;C9:D913: insufficient_lexical_confidence | C9:D951: insufficient_context_or_segmentation;
038C;simulator_rejected;C9:DA8C;I hear something... ⏎  Shall I open it? ⏎;non;"UNSUPPORTED_LAYOUT_COMMAND: Simulator does not yet model CHOICE_BEGIN ; event must remain review-only. | UNSUPPORTED_LAYOUT_COMMAND: Simulator does not yet model CHOICE_OPTION 05; event must remain review-only. | UNSUPPORTED_LAYOUT_COMMAND: Simulator does not yet model CHOICE_OPTION 0A; event must remain review-only. | UNSUPPORTED_LAYOUT_COMMAND: Simulator does not yet model CHOICE_END ; event must remain review-only. | UNPAUSED_SCROLL: 4 non-empty text lines were rendered since the previous WAIT/box opening; the first new line would scroll away before the player can pause.";
038C;simulator_rejected;C9:DAB9;Yes;non;"UNSUPPORTED_LAYOUT_COMMAND: Simulator does not yet model CHOICE_BEGIN ; event must remain review-only. | UNSUPPORTED_LAYOUT_COMMAND: Simulator does not yet model CHOICE_OPTION 05; event must remain review-only. | UNSUPPORTED_LAYOUT_COMMAND: Simulator does not yet model CHOICE_OPTION 0A; event must remain review-only. | UNSUPPORTED_LAYOUT_COMMAND: Simulator does not yet model CHOICE_END ; event must remain review-only. | UNPAUSED_SCROLL: 4 non-empty text lines were rendered since the previous WAIT/box opening; the first new line would scroll away before the player can pause.";
038C;simulator_rejected;C9:DABE;No  );non;"UNSUPPORTED_LAYOUT_COMMAND: Simulator does not yet model CHOICE_BEGIN ; event must remain review-only. | UNSUPPORTED_LAYOUT_COMMAND: Simulator does not yet model CHOICE_OPTION 05; event must remain review-only. | UNSUPPORTED_LAYOUT_COMMAND: Simulator does not yet model CHOICE_OPTION 0A; event must remain review-only. | UNSUPPORTED_LAYOUT_COMMAND: Simulator does not yet model CHOICE_END ; event must remain review-only. | UNPAUSED_SCROLL: 4 non-empty text lines were rendered since the previous WAIT/box opening; the first new line would scroll away before the player can pause.";
038D;formatter_rejected;C9:DAF5;BOSS:YOU again!?;non;"C9:DAF5+C9:DB09: Mapping ['C9:DAF5', 'C9:DB09'] crosses command 'OP_32'; defer structural binding";
038D;formatter_rejected;C9:DB09;Didn't ⏎  you recognize them? ⏎ BOYS:Uh, sorry...;non;"C9:DAF5+C9:DB09: Mapping ['C9:DAF5', 'C9:DB09'] crosses command 'OP_32'; defer structural binding";
038D;formatter_rejected;C9:DB3E;BOSS:Everyone's gone! ⏎  I was about to become rich!;non;"C9:DAF5+C9:DB09: Mapping ['C9:DAF5', 'C9:DB09'] crosses command 'OP_32'; defer structural binding";
038D;formatter_rejected;C9:DB77;Huh? ⏎  Fire Palace seed? ⏎  I haven't a clue.;non;"C9:DAF5+C9:DB09: Mapping ['C9:DAF5', 'C9:DB09'] crosses command 'OP_32'; defer structural binding";
038D;formatter_rejected;C9:DBA9;BOYS:I saw an odd old guy ⏎  when we nabbed Salamando!;non;"C9:DAF5+C9:DB09: Mapping ['C9:DAF5', 'C9:DB09'] crosses command 'OP_32'; defer structural binding";
038D;formatter_rejected;C9:DBE4;BOSS:Don't HELP them!;non;"C9:DAF5+C9:DB09: Mapping ['C9:DAF5', 'C9:DB09'] crosses command 'OP_32'; defer structural binding";
038D;formatter_rejected;C9:DC03;See ya, bye!;non;"C9:DAF5+C9:DB09: Mapping ['C9:DAF5', 'C9:DB09'] crosses command 'OP_32'; defer structural binding";
0390;alignment_incomplete;C9:DC7A;I moved from Gold City.;oui;C9:DC7A: insufficient_context_or_segmentation;
039E;alignment_incomplete;C9:DFC4;Mara always carries around ⏎ a little box...;oui;C9:DFC4: insufficient_context_or_segmentation;
039F;alignment_incomplete;C9:DFF2;These days the Emperor has ⏎ such bizarre thoughts...;oui;C9:DFF2: insufficient_lexical_confidence;
039F;alignment_incomplete;C9:E028;Seeking peace, he prepares ⏎ for war. He even has a forceof monsters in the castle!;non;C9:DFF2: insufficient_lexical_confidence;
03A5;alignment_incomplete;C9:E0D9;“634! 634!” ⏎ Shh! Not so loud!;oui;C9:E0D9: insufficient_lexical_confidence;
03A6;alignment_incomplete;C9:E0FA;“634!” ⏎;oui;C9:E0FA: insufficient_context_or_segmentation;
03A7;alignment_incomplete;C9:E113;Enter!;oui;C9:E113: insufficient_context_or_segmentation;
03AA;alignment_incomplete;C9:E13E;KRISSIE:Who're you? ⏎  Imperial spies? ⏎;oui;C9:E13E: insufficient_context_or_segmentation | C9:E234: insufficient_context_or_segmentation;
03AA;alignment_incomplete;C9:E165;:Hardly!;non;C9:E13E: insufficient_context_or_segmentation | C9:E234: insufficient_context_or_segmentation;
03AA;alignment_incomplete;C9:E174;KRISSIE:Jema told us about ⏎  you! Welcome to the ⏎  Resistance!;non;C9:E13E: insufficient_context_or_segmentation | C9:E234: insufficient_context_or_segmentation;
03AA;alignment_incomplete;C9:E1BB;:I'm;non;C9:E13E: insufficient_context_or_segmentation | C9:E234: insufficient_context_or_segmentation;
03AA;alignment_incomplete;C9:E1C2;! ⏎  How do you do?;non;C9:E13E: insufficient_context_or_segmentation | C9:E234: insufficient_context_or_segmentation;
03AA;alignment_incomplete;C9:E1DC;:Wow! ⏎  You're...a WOMAN!!!;non;C9:E13E: insufficient_context_or_segmentation | C9:E234: insufficient_context_or_segmentation;
03AA;alignment_incomplete;C9:E1FB;:Jealous? ⏎;non;C9:E13E: insufficient_context_or_segmentation | C9:E234: insufficient_context_or_segmentation;
03AA;alignment_incomplete;C9:E20B;:Knock it off! ⏎  I'm Dyluck's girl!;non;C9:E13E: insufficient_context_or_segmentation | C9:E234: insufficient_context_or_segmentation;
03AA;alignment_incomplete;C9:E234;KRISSIE:You KNOW Dyluck? ⏎;oui;C9:E13E: insufficient_context_or_segmentation | C9:E234: insufficient_context_or_segmentation;
03AA;alignment_incomplete;C9:E253;:Of course...why?;non;C9:E13E: insufficient_context_or_segmentation | C9:E234: insufficient_context_or_segmentation;
03AA;alignment_incomplete;C9:E267;KRISSIE:A “Dyluck's” been ⏎  draining people's energy ⏎  at the ruins to the east.;non;C9:E13E: insufficient_context_or_segmentation | C9:E234: insufficient_context_or_segmentation;
03AA;alignment_incomplete;C9:E2BA;:Like in Pandora! ⏎  But why's Dyluck...;non;C9:E13E: insufficient_context_or_segmentation | C9:E234: insufficient_context_or_segmentation;
03AA;alignment_incomplete;C9:E2E3;KRISSIE:Something must be ⏎  controlling him. ⏎  We'll check on that.;non;C9:E13E: insufficient_context_or_segmentation | C9:E234: insufficient_context_or_segmentation;
03AC;alignment_incomplete;C9:E32D;We once fought the ⏎ Republic.;oui;C9:E32D: insufficient_lexical_confidence;
03AE;alignment_incomplete;C9:E38F;This's Northtown, capitol ⏎ of the Empire.;oui;C9:E38F: insufficient_context_or_segmentation;
03C5;alignment_incomplete;C9:E76C;All the trouble started ⏎ about 15 years ago.;oui;C9:E76C: insufficient_lexical_confidence;
03CF;alignment_incomplete;C9:E993;PHANNA:...;oui;C9:E993: ambiguous_exact_duplicates_with_different_french;
03D0;alignment_incomplete;C9:E9A1;Go down the mountain a bit, ⏎ and you'll see a cave. ⏎ Monsters are dwelling.;oui;C9:E9A1: insufficient_context_or_segmentation;
03D0;alignment_incomplete;C9:E9EC;⏎ But it's the Palace of ⏎ Darkness!;non;C9:E9A1: insufficient_context_or_segmentation;
03D5;alignment_incomplete;C9:EB2F;The Mana Tree grows in ⏎ the Pure Land... ⏎ It is watching over us!;oui;C9:EB2F: insufficient_lexical_confidence;
03DC;simulator_rejected;C9:EC89;JOCH:ZXYNDRA, QU...;non;"UNSUPPORTED_LAYOUT_COMMAND: Simulator does not yet model CHOICE_BEGIN ; event must remain review-only. | UNSUPPORTED_LAYOUT_COMMAND: Simulator does not yet model CHOICE_OPTION 05; event must remain review-only. | UNSUPPORTED_LAYOUT_COMMAND: Simulator does not yet model CHOICE_OPTION 0A; event must remain review-only. | UNSUPPORTED_LAYOUT_COMMAND: Simulator does not yet model CHOICE_END ; event must remain review-only.";
03DC;simulator_rejected;C9:EC9F;JEHK:Master speaks in the ⏎  old tongue! ⏎  Allow me!;non;"UNSUPPORTED_LAYOUT_COMMAND: Simulator does not yet model CHOICE_BEGIN ; event must remain review-only. | UNSUPPORTED_LAYOUT_COMMAND: Simulator does not yet model CHOICE_OPTION 05; event must remain review-only. | UNSUPPORTED_LAYOUT_COMMAND: Simulator does not yet model CHOICE_OPTION 0A; event must remain review-only. | UNSUPPORTED_LAYOUT_COMMAND: Simulator does not yet model CHOICE_END ; event must remain review-only.";
03DC;simulator_rejected;C9:ECD2;⏎  You must undergo a test. ⏎  Conquer the ones within, ⏎  and you'll find...courage.;non;"UNSUPPORTED_LAYOUT_COMMAND: Simulator does not yet model CHOICE_BEGIN ; event must remain review-only. | UNSUPPORTED_LAYOUT_COMMAND: Simulator does not yet model CHOICE_OPTION 05; event must remain review-only. | UNSUPPORTED_LAYOUT_COMMAND: Simulator does not yet model CHOICE_OPTION 0A; event must remain review-only. | UNSUPPORTED_LAYOUT_COMMAND: Simulator does not yet model CHOICE_END ; event must remain review-only.";
03DC;simulator_rejected;C9:ED25;Will you try? ⏎;non;"UNSUPPORTED_LAYOUT_COMMAND: Simulator does not yet model CHOICE_BEGIN ; event must remain review-only. | UNSUPPORTED_LAYOUT_COMMAND: Simulator does not yet model CHOICE_OPTION 05; event must remain review-only. | UNSUPPORTED_LAYOUT_COMMAND: Simulator does not yet model CHOICE_OPTION 0A; event must remain review-only. | UNSUPPORTED_LAYOUT_COMMAND: Simulator does not yet model CHOICE_END ; event must remain review-only.";
03DC;simulator_rejected;C9:ED3A;Yes;non;"UNSUPPORTED_LAYOUT_COMMAND: Simulator does not yet model CHOICE_BEGIN ; event must remain review-only. | UNSUPPORTED_LAYOUT_COMMAND: Simulator does not yet model CHOICE_OPTION 05; event must remain review-only. | UNSUPPORTED_LAYOUT_COMMAND: Simulator does not yet model CHOICE_OPTION 0A; event must remain review-only. | UNSUPPORTED_LAYOUT_COMMAND: Simulator does not yet model CHOICE_END ; event must remain review-only.";
03DC;simulator_rejected;C9:ED3F;No  );non;"UNSUPPORTED_LAYOUT_COMMAND: Simulator does not yet model CHOICE_BEGIN ; event must remain review-only. | UNSUPPORTED_LAYOUT_COMMAND: Simulator does not yet model CHOICE_OPTION 05; event must remain review-only. | UNSUPPORTED_LAYOUT_COMMAND: Simulator does not yet model CHOICE_OPTION 0A; event must remain review-only. | UNSUPPORTED_LAYOUT_COMMAND: Simulator does not yet model CHOICE_END ; event must remain review-only.";
03DD;alignment_incomplete;C9:ED6D;JEHK:Hey! Get out of here! ⏎;oui;C9:ED6D: insufficient_lexical_confidence;
03DD;alignment_incomplete;C9:ED8A;:Not in, AGAIN?!;non;C9:ED6D: insufficient_lexical_confidence;
03DD;alignment_incomplete;C9:ED9D;JEHK:His Sageness will ⏎  see you.;non;C9:ED6D: insufficient_lexical_confidence;
03E7;alignment_incomplete;C9:EF61;Don't bug me while I'm ⏎ thinking!;oui;C9:EF61: insufficient_context_or_segmentation;
03E9;alignment_incomplete;C9:EFAB;...evening news. At dawn ⏎  Lorima launched missiles ⏎  at the Empire...;non;C9:F039: ambiguous_exact_duplicates_with_different_french;
03E9;alignment_incomplete;C9:EFF2;⏎  ...which had threatened to ⏎  take Lorima's capital by ⏎  nightfall.;non;C9:F039: ambiguous_exact_duplicates_with_different_french;
03E9;alignment_incomplete;C9:F039;...Gzzz...;oui;C9:F039: ambiguous_exact_duplicates_with_different_french;
03EA;alignment_incomplete;C9:F04C;Oh, my heart brea-ks when ⏎  she's not a-round, ⏎;non;C9:F097: ambiguous_exact_duplicates_with_different_french;
03EA;alignment_incomplete;C9:F07D;And I mi-ss her...;non;C9:F097: ambiguous_exact_duplicates_with_different_french;
03EA;alignment_incomplete;C9:F097;...Gzzz...;oui;C9:F097: ambiguous_exact_duplicates_with_different_french;
03ED;alignment_incomplete;C9:F0FA;We must restrict the use ⏎  of Mana energy! ⏎  What utter nonsense!;oui;C9:F0FA: insufficient_lexical_confidence | C9:F13C: insufficient_lexical_confidence | C9:F18D: ambiguous_exact_duplicates_with_different_french;
03ED;alignment_incomplete;C9:F13C;⏎  We're using it up! ⏎  Ha! You can't USE up Mana! ⏎  Argh! You don't understand!;oui;C9:F0FA: insufficient_lexical_confidence | C9:F13C: insufficient_lexical_confidence | C9:F18D: ambiguous_exact_duplicates_with_different_french;
03ED;alignment_incomplete;C9:F18D;...Gzzz...;oui;C9:F0FA: insufficient_lexical_confidence | C9:F13C: insufficient_lexical_confidence | C9:F18D: ambiguous_exact_duplicates_with_different_french;
03F0;alignment_incomplete;C9:F29A;...Gzzzaza...;oui;C9:F29A: insufficient_lexical_confidence | C9:F2AC: insufficient_lexical_confidence | C9:F2BA: insufficient_lexical_confidence;
03F0;alignment_incomplete;C9:F2AC;zzzz...;oui;C9:F29A: insufficient_lexical_confidence | C9:F2AC: insufficient_lexical_confidence | C9:F2BA: insufficient_lexical_confidence;
03F0;alignment_incomplete;C9:F2BA;Beeeep!;oui;C9:F29A: insufficient_lexical_confidence | C9:F2AC: insufficient_lexical_confidence | C9:F2BA: insufficient_lexical_confidence;
0429;alignment_incomplete;CA:0FE3;:It's a Mana Beast! ⏎;non;CA:135B: insufficient_context_or_segmentation;
0429;alignment_incomplete;CA:0FF9;:Isn't it a Flammie?;non;CA:135B: insufficient_context_or_segmentation;
0429;alignment_incomplete;CA:1012;:I guess Flammies ⏎  were once Mana Beasts...;non;CA:135B: insufficient_context_or_segmentation;
0429;alignment_incomplete;CA:1042;:Hurry, or the Mana ⏎  Beast will ruin the world!;non;CA:135B: insufficient_context_or_segmentation;
0429;alignment_incomplete;CA:1082;:Come on! Do it!;non;CA:135B: insufficient_context_or_segmentation;
0429;alignment_incomplete;CA:109B;:...I can't... ⏎  I won't hurt a Mana ⏎  Beast! I can't!;non;CA:135B: insufficient_context_or_segmentation;
0429;alignment_incomplete;CA:10D2;They are only trying to ⏎  restore Mana!;non;CA:135B: insufficient_context_or_segmentation;
0429;alignment_incomplete;CA:10FC;And...;non;CA:135B: insufficient_context_or_segmentation;
0429;alignment_incomplete;CA:110A;! ⏎  If you use up all your Mana power, you'll disappear!;non;CA:135B: insufficient_context_or_segmentation;
0429;alignment_incomplete;CA:1149;:Oh NO!;non;CA:135B: insufficient_context_or_segmentation;
0429;alignment_incomplete;CA:1158;:Right...I can't go ⏎  through with this...;non;CA:135B: insufficient_context_or_segmentation;
0429;alignment_incomplete;CA:1198;Whaddaya mean? I'm NOT ⏎  gonna kick the bucket!;non;CA:135B: insufficient_context_or_segmentation;
0429;alignment_incomplete;CA:11C9;⏎  My world is separate from ⏎  this one. It just means ⏎  I won't...see you again.;non;CA:135B: insufficient_context_or_segmentation;
0429;alignment_incomplete;CA:1219;Look, if we don't stop the ⏎  Mana Beast, your world is ⏎  finished, right?;non;CA:135B: insufficient_context_or_segmentation;
0429;alignment_incomplete;CA:1263;⏎  Everything will perish. ⏎  Trees...animals...PEOPLE! ⏎  That must not happen!;non;CA:135B: insufficient_context_or_segmentation;
0429;alignment_incomplete;CA:12B5;YOU have the Mana Sword, ⏎  YOU must save this world... You have no choice!;non;CA:135B: insufficient_context_or_segmentation;
0429;alignment_incomplete;CA:1301;⏎  You made a vow to your ⏎  mother, the Mana Tree, ⏎  right? I'll be okay.;non;CA:135B: insufficient_context_or_segmentation;
0429;alignment_incomplete;CA:134C;:All right...;non;CA:135B: insufficient_context_or_segmentation;
0429;alignment_incomplete;CA:135B;⏎  ...you're sure?;oui;CA:135B: insufficient_context_or_segmentation;
0429;alignment_incomplete;CA:1373;:OF COURSE! ⏎;non;CA:135B: insufficient_context_or_segmentation;
0429;alignment_incomplete;CA:1383;Later,;non;CA:135B: insufficient_context_or_segmentation;
0429;alignment_incomplete;CA:13BD;:Take the Sword!;non;CA:135B: insufficient_context_or_segmentation;
0429;alignment_incomplete;CA:13CF;⏎  We'll cast Mana Magic, then;non;CA:135B: insufficient_context_or_segmentation;
0429;alignment_incomplete;CA:13EE;Mana Sword will appear!;non;CA:135B: insufficient_context_or_segmentation;
042D;alignment_incomplete;CA:1419;The seal on Dryad's ⏎;non;CA:1476: ambiguous_exact_duplicates_with_different_french | CA:14AB: ambiguous_exact_duplicates_with_different_french | CA:14BA: insufficient_context_or_segmentation;
042D;alignment_incomplete;CA:142F;“Mana” magic is gone!;non;CA:1476: ambiguous_exact_duplicates_with_different_french | CA:14AB: ambiguous_exact_duplicates_with_different_french | CA:14BA: insufficient_context_or_segmentation;
042D;alignment_incomplete;CA:1458;:Ooh..! ⏎;non;CA:1476: ambiguous_exact_duplicates_with_different_french | CA:14AB: ambiguous_exact_duplicates_with_different_french | CA:14BA: insufficient_context_or_segmentation;
042D;alignment_incomplete;CA:1476;Dyluck!!!;oui;CA:1476: ambiguous_exact_duplicates_with_different_french | CA:14AB: ambiguous_exact_duplicates_with_different_french | CA:14BA: insufficient_context_or_segmentation;
042D;alignment_incomplete;CA:14AB;:What the..?!;oui;CA:1476: ambiguous_exact_duplicates_with_different_french | CA:14AB: ambiguous_exact_duplicates_with_different_french | CA:14BA: insufficient_context_or_segmentation;
042D;alignment_incomplete;CA:14BA;⏎  Let's get out of here!;oui;CA:1476: ambiguous_exact_duplicates_with_different_french | CA:14AB: ambiguous_exact_duplicates_with_different_french | CA:14BA: insufficient_context_or_segmentation;
042D;alignment_incomplete;CA:14D7;:Uwaa!;non;CA:1476: ambiguous_exact_duplicates_with_different_french | CA:14AB: ambiguous_exact_duplicates_with_different_french | CA:14BA: insufficient_context_or_segmentation;
042D;alignment_incomplete;CA:14F1;:What is it? ⏎;non;CA:1476: ambiguous_exact_duplicates_with_different_french | CA:14AB: ambiguous_exact_duplicates_with_different_french | CA:14BA: insufficient_context_or_segmentation;
042D;alignment_incomplete;CA:1500;:...whew..!;non;CA:1476: ambiguous_exact_duplicates_with_different_french | CA:14AB: ambiguous_exact_duplicates_with_different_french | CA:14BA: insufficient_context_or_segmentation;
042D;alignment_incomplete;CA:1512;I'm okay;non;CA:1476: ambiguous_exact_duplicates_with_different_french | CA:14AB: ambiguous_exact_duplicates_with_different_french | CA:14BA: insufficient_context_or_segmentation;
042D;alignment_incomplete;CA:151D;...just dizzy!;non;CA:1476: ambiguous_exact_duplicates_with_different_french | CA:14AB: ambiguous_exact_duplicates_with_different_french | CA:14BA: insufficient_context_or_segmentation;
042D;alignment_incomplete;CA:152D;⏎  We have to get out of ⏎  here, NOW!;non;CA:1476: ambiguous_exact_duplicates_with_different_french | CA:14AB: ambiguous_exact_duplicates_with_different_french | CA:14BA: insufficient_context_or_segmentation;
04A1;alignment_incomplete;CA:17DA;FANHA:You made it! ⏎;oui;CA:17DA: insufficient_context_or_segmentation | CA:17EF: insufficient_lexical_confidence;
04A1;alignment_incomplete;CA:17EF;:Did YOU beat ⏎  the Emperor?;oui;CA:17DA: insufficient_context_or_segmentation | CA:17EF: insufficient_lexical_confidence;
04A1;alignment_incomplete;CA:180C;⏎ FANHA:I'm afraid so! ⏎  We'd rule the world if ⏎  we had the Mana Fortress!;non;CA:17DA: insufficient_context_or_segmentation | CA:17EF: insufficient_lexical_confidence;
04A1;alignment_incomplete;CA:1859;:“We?” ⏎  Who else is here?;non;CA:17DA: insufficient_context_or_segmentation | CA:17EF: insufficient_lexical_confidence;
04A1;alignment_incomplete;CA:188C;:Thanatos! ⏎ THANATOS:Aha! Long time ⏎  no see, little one!;non;CA:17DA: insufficient_context_or_segmentation | CA:17EF: insufficient_lexical_confidence;
04A1;alignment_incomplete;CA:18C8;:Where is Dyluck? ⏎  Is he safe?;non;CA:17DA: insufficient_context_or_segmentation | CA:17EF: insufficient_lexical_confidence;
04A1;alignment_incomplete;CA:18E9;THANATOS:Of course! He's ⏎  just about to become my ⏎  new body!;non;CA:17DA: insufficient_context_or_segmentation | CA:17EF: insufficient_lexical_confidence;
04A1;alignment_incomplete;CA:192A;:What are you up to?;non;CA:17DA: insufficient_context_or_segmentation | CA:17EF: insufficient_lexical_confidence;
04A1;alignment_incomplete;CA:1945;FANHA:Never you mind! ⏎  Now, Thanatos, to the ⏎  Fortress!;non;CA:17DA: insufficient_context_or_segmentation | CA:17EF: insufficient_lexical_confidence;
04A1;alignment_incomplete;CA:1986;Revenge is SO sweet! ⏎  Bye bye forever!;non;CA:17DA: insufficient_context_or_segmentation | CA:17EF: insufficient_lexical_confidence;
04A3;alignment_incomplete;CA:1A00;:Geshtar! ⏎ GESHTAR:......;non;CA:1A1E: insufficient_lexical_confidence;
04A3;alignment_incomplete;CA:1A1E;THANATOS:Mwa, ha...is it ⏎  Geshtar, or..?;oui;CA:1A1E: insufficient_lexical_confidence;
04A3;alignment_incomplete;CA:1A49;Using my ancient magic, ⏎  I've created a living... ⏎  fighting machine!;non;CA:1A1E: insufficient_lexical_confidence;
04A3;alignment_incomplete;CA:1A96;:How utterly evil...;non;CA:1A1E: insufficient_lexical_confidence;
04AA;formatter_rejected;CA:1B83;:The Emperor!! ⏎  But he's..! ⏎  What the..?;non;CA:1B83: French PLAYER_NAME sequence (0,) does not match SNES (2,);
04AA;formatter_rejected;CA:1BBE;:Hey! Now there's ⏎  an exit behind the stage!;non;CA:1B83: French PLAYER_NAME sequence (0,) does not match SNES (2,);
04AB;alignment_incomplete;CA:1BED;We'll fight off the Imperialtroops here. You catch up ⏎ with those soldiers!;oui;CA:1BED: strong_but_ambiguous;
04B3;formatter_rejected;CA:1ECE;EMPEROR:So glad to see you! ⏎  You're going to like this.;non;CA:208F: French PLAYER_NAME sequence (0,) does not match SNES ();
04B3;formatter_rejected;CA:1F09;The ancient continent will ⏎  surface once I've broken ⏎  all the palace seals.;non;CA:208F: French PLAYER_NAME sequence (0,) does not match SNES ();
04B3;formatter_rejected;CA:1F57;⏎  Once I break this last ⏎  seal, the Mana Fortress ⏎  will rise!;non;CA:208F: French PLAYER_NAME sequence (0,) does not match SNES ();
04B3;formatter_rejected;CA:1F97;Too bad you won't be ⏎  around!;non;CA:208F: French PLAYER_NAME sequence (0,) does not match SNES ();
04B3;formatter_rejected;CA:1FBC;Who wants the job?;non;CA:208F: French PLAYER_NAME sequence (0,) does not match SNES ();
04B3;formatter_rejected;CA:1FE0;SHEEX:I owe them one ⏎  since the Republic! ⏎  Leave it to me!;non;CA:208F: French PLAYER_NAME sequence (0,) does not match SNES ();
04B3;formatter_rejected;CA:2033;:You? ⏎  You're the Dark Stalker?!;non;CA:208F: French PLAYER_NAME sequence (0,) does not match SNES ();
04B3;formatter_rejected;CA:2056;SHEEX:Behold! Have a taste ⏎  of my true power!;non;CA:208F: French PLAYER_NAME sequence (0,) does not match SNES ();
04B3;formatter_rejected;CA:208F;SHEEX:Ha! The underworld ⏎  gives us its strength. ⏎  I'll squash you!;non;CA:208F: French PLAYER_NAME sequence (0,) does not match SNES ();
04B3;formatter_rejected;CA:20D3;⏎ SHEEX:The contract we signed with the underworld gives ⏎  us control of THIS world!;non;CA:208F: French PLAYER_NAME sequence (0,) does not match SNES ();
04B3;formatter_rejected;CA:2128;To keep humans under my ⏎  control, we're reviving ⏎  the Mana Fortress!;non;CA:208F: French PLAYER_NAME sequence (0,) does not match SNES ();
04B3;formatter_rejected;CA:2170;Now your time is over...;non;CA:208F: French PLAYER_NAME sequence (0,) does not match SNES ();
04B6;alignment_incomplete;CA:2201;The seal's melting! ⏎ We're not going to make it!;non;CA:2237: insufficient_lexical_confidence;
04B6;alignment_incomplete;CA:2237;No good! It's too late!;oui;CA:2237: insufficient_lexical_confidence;
04B6;alignment_incomplete;CA:2258;Get out of here, NOW!;non;CA:2237: insufficient_lexical_confidence;
04B6;alignment_incomplete;CA:227B;I am Dryad, the tree spirit.The seals on the World's ⏎ seeds have been broken...;non;CA:2237: insufficient_lexical_confidence;
04B6;alignment_incomplete;CA:22CB;⏎ DRYAD:The continent that ⏎  sleeps beneath this palace ⏎  will soon rise. Leave now!;non;CA:2237: insufficient_lexical_confidence;
04B6;alignment_incomplete;CA:2321;:What about you?;non;CA:2237: insufficient_lexical_confidence;
04B6;alignment_incomplete;CA:2334;DRYAD:I wasn't able to save ⏎  this palace...I'll go ⏎  down with it!;non;CA:2237: insufficient_lexical_confidence;
04B6;alignment_incomplete;CA:237E;:Idiot! What will ⏎  that serve? Come! ⏎  Help us save Mana!;non;CA:2237: insufficient_lexical_confidence;
04B6;alignment_incomplete;CA:23B8;⏎ DRYAD:Thanatos sealed my ⏎  “Mana” magic. I won't ⏎  be of much help...;non;CA:2237: insufficient_lexical_confidence;
04B6;alignment_incomplete;CA:2405;:Don't worry! ⏎  Let's go!;non;CA:2237: insufficient_lexical_confidence;
04B6;alignment_incomplete;CA:2424;:Hurry!;non;CA:2237: insufficient_lexical_confidence;
04B6;alignment_incomplete;CA:242D;⏎ DRYAD:Well...okay. ⏎  I'll do what I can.;non;CA:2237: insufficient_lexical_confidence;
04B6;alignment_incomplete;CA:2469;Oh, no! It's rising! ⏎ Call Flammie!;non;CA:2237: insufficient_lexical_confidence;
04E1;alignment_incomplete;CA:2B7C;:Dyluck!;non;CA:2BED: insufficient_lexical_confidence | CA:2C3A: insufficient_context_or_segmentation | CA:2E21: insufficient_context_or_segmentation | CA:2FDA: insufficient_lexical_confidence | CA:301C: insufficient_lexical_confidence | CA:30F8: insufficient_lexical_confidence | CA:3190: insufficient_context_or_segmentation;
04E1;alignment_incomplete;CA:2B86;⏎ THANATOS:For ages I have ⏎  been searching...;non;CA:2BED: insufficient_lexical_confidence | CA:2C3A: insufficient_context_or_segmentation | CA:2E21: insufficient_context_or_segmentation | CA:2FDA: insufficient_lexical_confidence | CA:301C: insufficient_lexical_confidence | CA:30F8: insufficient_lexical_confidence | CA:3190: insufficient_context_or_segmentation;
04E1;alignment_incomplete;CA:2BB5;for a human with the power ⏎  to conquer this world...;non;CA:2BED: insufficient_lexical_confidence | CA:2C3A: insufficient_context_or_segmentation | CA:2E21: insufficient_context_or_segmentation | CA:2FDA: insufficient_lexical_confidence | CA:301C: insufficient_lexical_confidence | CA:30F8: insufficient_lexical_confidence | CA:3190: insufficient_context_or_segmentation;
04E1;alignment_incomplete;CA:2BED;...one born in the shadow ⏎  of darkness, and raised in ⏎  the light of Mana.;oui;CA:2BED: insufficient_lexical_confidence | CA:2C3A: insufficient_context_or_segmentation | CA:2E21: insufficient_context_or_segmentation | CA:2FDA: insufficient_lexical_confidence | CA:301C: insufficient_lexical_confidence | CA:30F8: insufficient_lexical_confidence | CA:3190: insufficient_context_or_segmentation;
04E1;alignment_incomplete;CA:2C3A;Dyluck is the one. ⏎  I cannot wait any longer. ⏎  My body has grown weak!;oui;CA:2BED: insufficient_lexical_confidence | CA:2C3A: insufficient_context_or_segmentation | CA:2E21: insufficient_context_or_segmentation | CA:2FDA: insufficient_lexical_confidence | CA:301C: insufficient_lexical_confidence | CA:30F8: insufficient_lexical_confidence | CA:3190: insufficient_context_or_segmentation;
04E1;alignment_incomplete;CA:2C84;It is time!;non;CA:2BED: insufficient_lexical_confidence | CA:2C3A: insufficient_context_or_segmentation | CA:2E21: insufficient_context_or_segmentation | CA:2FDA: insufficient_lexical_confidence | CA:301C: insufficient_lexical_confidence | CA:30F8: insufficient_lexical_confidence | CA:3190: insufficient_context_or_segmentation;
04E1;alignment_incomplete;CA:2C93;Using his body I will take ⏎  the Mana Fortress, and ⏎  rule the world!;non;CA:2BED: insufficient_lexical_confidence | CA:2C3A: insufficient_context_or_segmentation | CA:2E21: insufficient_context_or_segmentation | CA:2FDA: insufficient_lexical_confidence | CA:301C: insufficient_lexical_confidence | CA:30F8: insufficient_lexical_confidence | CA:3190: insufficient_context_or_segmentation;
04E1;alignment_incomplete;CA:2CFB;:Dyluck! Resist him ⏎  with all your might!;non;CA:2BED: insufficient_lexical_confidence | CA:2C3A: insufficient_context_or_segmentation | CA:2E21: insufficient_context_or_segmentation | CA:2FDA: insufficient_lexical_confidence | CA:301C: insufficient_lexical_confidence | CA:30F8: insufficient_lexical_confidence | CA:3190: insufficient_context_or_segmentation;
04E1;alignment_incomplete;CA:2D44;THANATOS:Uhrg...ahh...kack! ⏎  I must...;non;CA:2BED: insufficient_lexical_confidence | CA:2C3A: insufficient_context_or_segmentation | CA:2E21: insufficient_context_or_segmentation | CA:2FDA: insufficient_lexical_confidence | CA:301C: insufficient_lexical_confidence | CA:30F8: insufficient_lexical_confidence | CA:3190: insufficient_context_or_segmentation;
04E1;alignment_incomplete;CA:2D6C;hurry...;non;CA:2BED: insufficient_lexical_confidence | CA:2C3A: insufficient_context_or_segmentation | CA:2E21: insufficient_context_or_segmentation | CA:2FDA: insufficient_lexical_confidence | CA:301C: insufficient_lexical_confidence | CA:30F8: insufficient_lexical_confidence | CA:3190: insufficient_context_or_segmentation;
04E1;alignment_incomplete;CA:2D76;This body ⏎  is...;non;CA:2BED: insufficient_lexical_confidence | CA:2C3A: insufficient_context_or_segmentation | CA:2E21: insufficient_context_or_segmentation | CA:2FDA: insufficient_lexical_confidence | CA:301C: insufficient_lexical_confidence | CA:30F8: insufficient_lexical_confidence | CA:3190: insufficient_context_or_segmentation;
04E1;alignment_incomplete;CA:2D88;breaking up!;non;CA:2BED: insufficient_lexical_confidence | CA:2C3A: insufficient_context_or_segmentation | CA:2E21: insufficient_context_or_segmentation | CA:2FDA: insufficient_lexical_confidence | CA:301C: insufficient_lexical_confidence | CA:30F8: insufficient_lexical_confidence | CA:3190: insufficient_context_or_segmentation;
04E1;alignment_incomplete;CA:2D96;⏎  H...help me;non;CA:2BED: insufficient_lexical_confidence | CA:2C3A: insufficient_context_or_segmentation | CA:2E21: insufficient_context_or_segmentation | CA:2FDA: insufficient_lexical_confidence | CA:301C: insufficient_lexical_confidence | CA:30F8: insufficient_lexical_confidence | CA:3190: insufficient_context_or_segmentation;
04E1;alignment_incomplete;CA:2DA5;...guhuf...;non;CA:2BED: insufficient_lexical_confidence | CA:2C3A: insufficient_context_or_segmentation | CA:2E21: insufficient_context_or_segmentation | CA:2FDA: insufficient_lexical_confidence | CA:301C: insufficient_lexical_confidence | CA:30F8: insufficient_lexical_confidence | CA:3190: insufficient_context_or_segmentation;
04E1;alignment_incomplete;CA:2DB2;⏎  Let...m...maieee!;non;CA:2BED: insufficient_lexical_confidence | CA:2C3A: insufficient_context_or_segmentation | CA:2E21: insufficient_context_or_segmentation | CA:2FDA: insufficient_lexical_confidence | CA:301C: insufficient_lexical_confidence | CA:30F8: insufficient_lexical_confidence | CA:3190: insufficient_context_or_segmentation;
04E1;alignment_incomplete;CA:2DD6;:Dyluck! ⏎  Snap out of it!;non;CA:2BED: insufficient_lexical_confidence | CA:2C3A: insufficient_context_or_segmentation | CA:2E21: insufficient_context_or_segmentation | CA:2FDA: insufficient_lexical_confidence | CA:301C: insufficient_lexical_confidence | CA:30F8: insufficient_lexical_confidence | CA:3190: insufficient_context_or_segmentation;
04E1;alignment_incomplete;CA:2DF2;DYLUCK:...Uhhn...where am I?;non;CA:2BED: insufficient_lexical_confidence | CA:2C3A: insufficient_context_or_segmentation | CA:2E21: insufficient_context_or_segmentation | CA:2FDA: insufficient_lexical_confidence | CA:301C: insufficient_lexical_confidence | CA:30F8: insufficient_lexical_confidence | CA:3190: insufficient_context_or_segmentation;
04E1;alignment_incomplete;CA:2E21;Guwa ha ha!;oui;CA:2BED: insufficient_lexical_confidence | CA:2C3A: insufficient_context_or_segmentation | CA:2E21: insufficient_context_or_segmentation | CA:2FDA: insufficient_lexical_confidence | CA:301C: insufficient_lexical_confidence | CA:30F8: insufficient_lexical_confidence | CA:3190: insufficient_context_or_segmentation;
04E1;alignment_incomplete;CA:2E32;THANATOS:Guwa ha ha! ⏎  How good this new body ⏎  feels! I grow strong!;non;CA:2BED: insufficient_lexical_confidence | CA:2C3A: insufficient_context_or_segmentation | CA:2E21: insufficient_context_or_segmentation | CA:2FDA: insufficient_lexical_confidence | CA:301C: insufficient_lexical_confidence | CA:30F8: insufficient_lexical_confidence | CA:3190: insufficient_context_or_segmentation;
04E1;alignment_incomplete;CA:2E98;:Liar! You can't just ⏎  STEAL someone's body!!;non;CA:2BED: insufficient_lexical_confidence | CA:2C3A: insufficient_context_or_segmentation | CA:2E21: insufficient_context_or_segmentation | CA:2FDA: insufficient_lexical_confidence | CA:301C: insufficient_lexical_confidence | CA:30F8: insufficient_lexical_confidence | CA:3190: insufficient_context_or_segmentation;
04E1;alignment_incomplete;CA:2EC8;THANATOS:My dear, I can do ⏎  anything I want! ⏎  Ha, ha-huh;non;CA:2BED: insufficient_lexical_confidence | CA:2C3A: insufficient_context_or_segmentation | CA:2E21: insufficient_context_or_segmentation | CA:2FDA: insufficient_lexical_confidence | CA:301C: insufficient_lexical_confidence | CA:30F8: insufficient_lexical_confidence | CA:3190: insufficient_context_or_segmentation;
04E1;alignment_incomplete;CA:2F09;Can't...move!;non;CA:2BED: insufficient_lexical_confidence | CA:2C3A: insufficient_context_or_segmentation | CA:2E21: insufficient_context_or_segmentation | CA:2FDA: insufficient_lexical_confidence | CA:301C: insufficient_lexical_confidence | CA:30F8: insufficient_lexical_confidence | CA:3190: insufficient_context_or_segmentation;
04E1;alignment_incomplete;CA:2F23;...can you hear me? ⏎   It's me, Dyluck...;non;CA:2BED: insufficient_lexical_confidence | CA:2C3A: insufficient_context_or_segmentation | CA:2E21: insufficient_context_or_segmentation | CA:2FDA: insufficient_lexical_confidence | CA:301C: insufficient_lexical_confidence | CA:30F8: insufficient_lexical_confidence | CA:3190: insufficient_context_or_segmentation;
04E1;alignment_incomplete;CA:2F4E;He's too strong...I'm ⏎   finished, but I can help ⏎   you...;non;CA:2BED: insufficient_lexical_confidence | CA:2C3A: insufficient_context_or_segmentation | CA:2E21: insufficient_context_or_segmentation | CA:2FDA: insufficient_lexical_confidence | CA:301C: insufficient_lexical_confidence | CA:30F8: insufficient_lexical_confidence | CA:3190: insufficient_context_or_segmentation;
04E1;alignment_incomplete;CA:2F8C;Thanatos is an ancient ⏎   sorcerer who sold his ⏎   heart to the underworld.;non;CA:2BED: insufficient_lexical_confidence | CA:2C3A: insufficient_context_or_segmentation | CA:2E21: insufficient_context_or_segmentation | CA:2FDA: insufficient_lexical_confidence | CA:301C: insufficient_lexical_confidence | CA:30F8: insufficient_lexical_confidence | CA:3190: insufficient_context_or_segmentation;
04E1;alignment_incomplete;CA:2FDA;Though his life force is ⏎   eternal, he hasn't his ⏎   own body.;oui;CA:2BED: insufficient_lexical_confidence | CA:2C3A: insufficient_context_or_segmentation | CA:2E21: insufficient_context_or_segmentation | CA:2FDA: insufficient_lexical_confidence | CA:301C: insufficient_lexical_confidence | CA:30F8: insufficient_lexical_confidence | CA:3190: insufficient_context_or_segmentation;
04E1;alignment_incomplete;CA:301C;His life force is growing ⏎   darker. He feeds on hatred  and destruction!;oui;CA:2BED: insufficient_lexical_confidence | CA:2C3A: insufficient_context_or_segmentation | CA:2E21: insufficient_context_or_segmentation | CA:2FDA: insufficient_lexical_confidence | CA:301C: insufficient_lexical_confidence | CA:30F8: insufficient_lexical_confidence | CA:3190: insufficient_context_or_segmentation;
04E1;alignment_incomplete;CA:306C;THANATOS:Ooh! Silence!;non;CA:2BED: insufficient_lexical_confidence | CA:2C3A: insufficient_context_or_segmentation | CA:2E21: insufficient_context_or_segmentation | CA:2FDA: insufficient_lexical_confidence | CA:301C: insufficient_lexical_confidence | CA:30F8: insufficient_lexical_confidence | CA:3190: insufficient_context_or_segmentation;
04E1;alignment_incomplete;CA:308A;:I'm so sorry I ⏎  won't see you again. ⏎  But I have to do this.;non;CA:2BED: insufficient_lexical_confidence | CA:2C3A: insufficient_context_or_segmentation | CA:2E21: insufficient_context_or_segmentation | CA:2FDA: insufficient_lexical_confidence | CA:301C: insufficient_lexical_confidence | CA:30F8: insufficient_lexical_confidence | CA:3190: insufficient_context_or_segmentation;
04E1;alignment_incomplete;CA:30C9;⏎  You're;non;CA:2BED: insufficient_lexical_confidence | CA:2C3A: insufficient_context_or_segmentation | CA:2E21: insufficient_context_or_segmentation | CA:2FDA: insufficient_lexical_confidence | CA:301C: insufficient_lexical_confidence | CA:30F8: insufficient_lexical_confidence | CA:3190: insufficient_context_or_segmentation;
04E1;alignment_incomplete;CA:30D4;, right? ⏎  Take care of;non;CA:2BED: insufficient_lexical_confidence | CA:2C3A: insufficient_context_or_segmentation | CA:2E21: insufficient_context_or_segmentation | CA:2FDA: insufficient_lexical_confidence | CA:301C: insufficient_lexical_confidence | CA:30F8: insufficient_lexical_confidence | CA:3190: insufficient_context_or_segmentation;
04E1;alignment_incomplete;CA:30F8;:Dyluck! Stop it! ⏎  Please! Dyluck! STOP IT!! ⏎ THANATOS:Ugrrrrrrr!;oui;CA:2BED: insufficient_lexical_confidence | CA:2C3A: insufficient_context_or_segmentation | CA:2E21: insufficient_context_or_segmentation | CA:2FDA: insufficient_lexical_confidence | CA:301C: insufficient_lexical_confidence | CA:30F8: insufficient_lexical_confidence | CA:3190: insufficient_context_or_segmentation;
04E1;alignment_incomplete;CA:3144;THANATOS:I forbid this! ⏎  Just when I was to be ⏎  reborn! I...must withdraw!;non;CA:2BED: insufficient_lexical_confidence | CA:2C3A: insufficient_context_or_segmentation | CA:2E21: insufficient_context_or_segmentation | CA:2FDA: insufficient_lexical_confidence | CA:301C: insufficient_lexical_confidence | CA:30F8: insufficient_lexical_confidence | CA:3190: insufficient_context_or_segmentation;
04E1;alignment_incomplete;CA:3190;⏎  Give me your bodies! ⏎  GUWAA!;oui;CA:2BED: insufficient_lexical_confidence | CA:2C3A: insufficient_context_or_segmentation | CA:2E21: insufficient_context_or_segmentation | CA:2FDA: insufficient_lexical_confidence | CA:301C: insufficient_lexical_confidence | CA:30F8: insufficient_lexical_confidence | CA:3190: insufficient_context_or_segmentation;
04E2;alignment_incomplete;CA:31C2;...Groan...uhhh...;oui;CA:31C2: insufficient_context_or_segmentation | CA:32F6: insufficient_lexical_confidence | CA:3335: insufficient_lexical_confidence | CA:3359: insufficient_lexical_confidence | CA:352B: insufficient_lexical_confidence;
04E2;alignment_incomplete;CA:31EE;:Grandpa! ⏎ GRANDPA:Uhh..sounds like... ⏎;non;CA:31C2: insufficient_context_or_segmentation | CA:32F6: insufficient_lexical_confidence | CA:3335: insufficient_lexical_confidence | CA:3359: insufficient_lexical_confidence | CA:352B: insufficient_lexical_confidence;
04E2;alignment_incomplete;CA:3218;'Zat you, little tyke?!;non;CA:31C2: insufficient_context_or_segmentation | CA:32F6: insufficient_lexical_confidence | CA:3335: insufficient_lexical_confidence | CA:3359: insufficient_lexical_confidence | CA:352B: insufficient_lexical_confidence;
04E2;alignment_incomplete;CA:3235;:Grandpa, can't you ⏎  see me?;non;CA:31C2: insufficient_context_or_segmentation | CA:32F6: insufficient_lexical_confidence | CA:3335: insufficient_lexical_confidence | CA:3359: insufficient_lexical_confidence | CA:352B: insufficient_lexical_confidence;
04E2;alignment_incomplete;CA:3254;GRANDPA:Empire's men came ⏎  and undid the Wind seal...;non;CA:31C2: insufficient_context_or_segmentation | CA:32F6: insufficient_lexical_confidence | CA:3335: insufficient_lexical_confidence | CA:3359: insufficient_lexical_confidence | CA:352B: insufficient_lexical_confidence;
04E2;alignment_incomplete;CA:328C;A bright flash stunned me! ⏎  The others...they're...;non;CA:31C2: insufficient_context_or_segmentation | CA:32F6: insufficient_lexical_confidence | CA:3335: insufficient_lexical_confidence | CA:3359: insufficient_lexical_confidence | CA:352B: insufficient_lexical_confidence;
04E2;alignment_incomplete;CA:32C5;:This is awful! ⏎;non;CA:31C2: insufficient_context_or_segmentation | CA:32F6: insufficient_lexical_confidence | CA:3335: insufficient_lexical_confidence | CA:3359: insufficient_lexical_confidence | CA:352B: insufficient_lexical_confidence;
04E2;alignment_incomplete;CA:32D7;:NO! They must ⏎  have escaped!;non;CA:31C2: insufficient_context_or_segmentation | CA:32F6: insufficient_lexical_confidence | CA:3335: insufficient_lexical_confidence | CA:3359: insufficient_lexical_confidence | CA:352B: insufficient_lexical_confidence;
04E2;alignment_incomplete;CA:32F6;⏎ GRANDPA:I...suppose so... ⏎  Uwa, ha, ha! ⏎;oui;CA:31C2: insufficient_context_or_segmentation | CA:32F6: insufficient_lexical_confidence | CA:3335: insufficient_lexical_confidence | CA:3359: insufficient_lexical_confidence | CA:352B: insufficient_lexical_confidence;
04E2;alignment_incomplete;CA:3328;:Graaandpa!;non;CA:31C2: insufficient_context_or_segmentation | CA:32F6: insufficient_lexical_confidence | CA:3335: insufficient_lexical_confidence | CA:3359: insufficient_lexical_confidence | CA:352B: insufficient_lexical_confidence;
04E2;alignment_incomplete;CA:3335;⏎ GRANDPA:Gwa, ha! Okay, okay!;oui;CA:31C2: insufficient_context_or_segmentation | CA:32F6: insufficient_lexical_confidence | CA:3335: insufficient_lexical_confidence | CA:3359: insufficient_lexical_confidence | CA:352B: insufficient_lexical_confidence;
04E2;alignment_incomplete;CA:3359;Tyke!;oui;CA:31C2: insufficient_context_or_segmentation | CA:32F6: insufficient_lexical_confidence | CA:3335: insufficient_lexical_confidence | CA:3359: insufficient_lexical_confidence | CA:352B: insufficient_lexical_confidence;
04E2;alignment_incomplete;CA:3362;We sprites are a ⏎  part of Mana. That beast ⏎  couldn't have beat us!;non;CA:31C2: insufficient_context_or_segmentation | CA:32F6: insufficient_lexical_confidence | CA:3335: insufficient_lexical_confidence | CA:3359: insufficient_lexical_confidence | CA:352B: insufficient_lexical_confidence;
04E2;alignment_incomplete;CA:33A6;⏎  But humans are breaking ⏎  seals, and releasing ⏎  monsters...;non;CA:31C2: insufficient_context_or_segmentation | CA:32F6: insufficient_lexical_confidence | CA:3335: insufficient_lexical_confidence | CA:3359: insufficient_lexical_confidence | CA:352B: insufficient_lexical_confidence;
04E2;alignment_incomplete;CA:33E4;⏎  ...which are consuming our ⏎  source of life...Mana!;non;CA:31C2: insufficient_context_or_segmentation | CA:32F6: insufficient_lexical_confidence | CA:3335: insufficient_lexical_confidence | CA:3359: insufficient_lexical_confidence | CA:352B: insufficient_lexical_confidence;
04E2;alignment_incomplete;CA:3423;I'll put a ⏎  stop to that immediately! ⏎  These two can help!;non;CA:31C2: insufficient_context_or_segmentation | CA:32F6: insufficient_lexical_confidence | CA:3335: insufficient_lexical_confidence | CA:3359: insufficient_lexical_confidence | CA:352B: insufficient_lexical_confidence;
04E2;alignment_incomplete;CA:3469;GRANDPA:I'd go with you if ⏎  I could see better!;non;CA:31C2: insufficient_context_or_segmentation | CA:32F6: insufficient_lexical_confidence | CA:3335: insufficient_lexical_confidence | CA:3359: insufficient_lexical_confidence | CA:352B: insufficient_lexical_confidence;
04E2;alignment_incomplete;CA:349B;At least take Sylphid, the ⏎  wind elemental, with you!;non;CA:31C2: insufficient_context_or_segmentation | CA:32F6: insufficient_lexical_confidence | CA:3335: insufficient_lexical_confidence | CA:3359: insufficient_lexical_confidence | CA:352B: insufficient_lexical_confidence;
04E2;alignment_incomplete;CA:34DD;Sylphid:You called, master? ⏎ GRANDPA:These young people ⏎  are now your master!;non;CA:31C2: insufficient_context_or_segmentation | CA:32F6: insufficient_lexical_confidence | CA:3335: insufficient_lexical_confidence | CA:3359: insufficient_lexical_confidence | CA:352B: insufficient_lexical_confidence;
04E2;alignment_incomplete;CA:352B;⏎ Sylphid:It is so!;oui;CA:31C2: insufficient_context_or_segmentation | CA:32F6: insufficient_lexical_confidence | CA:3335: insufficient_lexical_confidence | CA:3359: insufficient_lexical_confidence | CA:352B: insufficient_lexical_confidence;
04E2;alignment_incomplete;CA:3548;GRANDPA:Use “Analyzer” to ⏎  learn what magic works ⏎  on crystal orbs.;non;CA:31C2: insufficient_context_or_segmentation | CA:32F6: insufficient_lexical_confidence | CA:3335: insufficient_lexical_confidence | CA:3359: insufficient_lexical_confidence | CA:352B: insufficient_lexical_confidence;
04E2;alignment_incomplete;CA:358D;⏎  Use your magic on the orb ⏎  in this forest to open ⏎  the way to Matango!;non;CA:31C2: insufficient_context_or_segmentation | CA:32F6: insufficient_lexical_confidence | CA:3335: insufficient_lexical_confidence | CA:3359: insufficient_lexical_confidence | CA:352B: insufficient_lexical_confidence;
04E2;alignment_incomplete;CA:35D7;⏎  It's said a white dragon ⏎  lives in a cave north of ⏎  Matango.;non;CA:31C2: insufficient_context_or_segmentation | CA:32F6: insufficient_lexical_confidence | CA:3335: insufficient_lexical_confidence | CA:3359: insufficient_lexical_confidence | CA:352B: insufficient_lexical_confidence;
04E2;alignment_incomplete;CA:3617;⏎  The dragon can help you! ⏎  Go, now, and worry not ⏎  about me!;non;CA:31C2: insufficient_context_or_segmentation | CA:32F6: insufficient_lexical_confidence | CA:3335: insufficient_lexical_confidence | CA:3359: insufficient_lexical_confidence | CA:352B: insufficient_lexical_confidence;
04E2;alignment_incomplete;CA:3659;:Grandpa! Everyone'll ⏎  be back soon! Me too!;non;CA:31C2: insufficient_context_or_segmentation | CA:32F6: insufficient_lexical_confidence | CA:3335: insufficient_lexical_confidence | CA:3359: insufficient_lexical_confidence | CA:352B: insufficient_lexical_confidence;
04E2;alignment_incomplete;CA:3688;GRANDPA:Come back whenever ⏎  you're tired!;non;CA:31C2: insufficient_context_or_segmentation | CA:32F6: insufficient_lexical_confidence | CA:3335: insufficient_lexical_confidence | CA:3359: insufficient_lexical_confidence | CA:352B: insufficient_lexical_confidence;
04E3;alignment_incomplete;CA:36C7;TRUFFLE:Here at last! ⏎  The legendary knight! ⏎;non;CA:3835: insufficient_lexical_confidence;
04E3;alignment_incomplete;CA:36FC;⏎ TRUFFLE:You don't think we ⏎  have legends here like ⏎  everywhere else?!;non;CA:3835: insufficient_lexical_confidence;
04E3;alignment_incomplete;CA:374E;Riding a white dragon, and;non;CA:3835: insufficient_lexical_confidence;
04E3;alignment_incomplete;CA:376B;⏎  wielding The Sword, they;non;CA:3835: insufficient_lexical_confidence;
04E3;alignment_incomplete;CA:3787;⏎  shall save the world...;non;CA:3835: insufficient_lexical_confidence;
04E3;alignment_incomplete;CA:37AC;TRUFFLE:That's you guys, ⏎  right? I knew it right ⏎  away!;non;CA:3835: insufficient_lexical_confidence;
04E3;alignment_incomplete;CA:37E6;Just yesterday one of my ⏎  people saw a white dragon ⏎  fighting a huge snake!;non;CA:3835: insufficient_lexical_confidence;
04E3;alignment_incomplete;CA:3835;Use the 1st floor exit on ⏎  the right for the cave.;oui;CA:3835: insufficient_lexical_confidence;
04E3;alignment_incomplete;CA:386B;Palace? I know where it is, but first find the cave!;non;CA:3835: insufficient_lexical_confidence;
04E3;alignment_incomplete;CA:38A3;Then I'll tell you how to ⏎  reach the palace!;non;CA:3835: insufficient_lexical_confidence;
04E3;alignment_incomplete;CA:38D3;Oh, and there's something ⏎  upstairs for you!;non;CA:3835: insufficient_lexical_confidence;
04E5;formatter_rejected;CA:3C3C;We won! Huh? Where's Joch?;non;"CA:3C59+CA:3C75: Mapping ['CA:3C59', 'CA:3C75'] crosses command 'OP_32'; defer structural binding";
04E5;formatter_rejected;CA:3C59;JEHK:Well done! When you ⏎;non;"CA:3C59+CA:3C75: Mapping ['CA:3C59', 'CA:3C75'] crosses command 'OP_32'; defer structural binding";
04E5;formatter_rejected;CA:3C75;put your hearts together, ⏎  nothing can stop you!;non;"CA:3C59+CA:3C75: Mapping ['CA:3C59', 'CA:3C75'] crosses command 'OP_32'; defer structural binding";
04E5;formatter_rejected;CA:3CA9;⏎  You will master the Sword ⏎  by joining courage, ⏎  knowledge and love.;non;"CA:3C59+CA:3C75: Mapping ['CA:3C59', 'CA:3C75'] crosses command 'OP_32'; defer structural binding";
04E5;formatter_rejected;CA:3CF0;⏎  I am Joch. The old man was ⏎  an illusion.;non;"CA:3C59+CA:3C75: Mapping ['CA:3C59', 'CA:3C75'] crosses command 'OP_32'; defer structural binding";
04E5;formatter_rejected;CA:3D1F;:Why didn't you help ⏎  us SOONER?!;non;"CA:3C59+CA:3C75: Mapping ['CA:3C59', 'CA:3C75'] crosses command 'OP_32'; defer structural binding";
04E5;formatter_rejected;CA:3D43;JOCH:You weren't ready yet. ⏎  Your ears could hear, ⏎  but not your heart.;non;"CA:3C59+CA:3C75: Mapping ['CA:3C59', 'CA:3C75'] crosses command 'OP_32'; defer structural binding";
04E5;formatter_rejected;CA:3D8C;⏎  I waited for you to find ⏎  your inner strength.;non;"CA:3C59+CA:3C75: Mapping ['CA:3C59', 'CA:3C75'] crosses command 'OP_32'; defer structural binding";
04E5;formatter_rejected;CA:3DBF;Go, now. The Emperor seeks ⏎  to raise the sunken land...;non;"CA:3C59+CA:3C75: Mapping ['CA:3C59', 'CA:3C75'] crosses command 'OP_32'; defer structural binding";
04E5;formatter_rejected;CA:3DFA;Atop the coral you'll find ⏎  the Tree Palace. Below lies the Mana Fortress.;non;"CA:3C59+CA:3C75: Mapping ['CA:3C59', 'CA:3C75'] crosses command 'OP_32'; defer structural binding";
04E5;formatter_rejected;CA:3E48;Something evil seeks the ⏎  seals. HURRY!;non;"CA:3C59+CA:3C75: Mapping ['CA:3C59', 'CA:3C75'] crosses command 'OP_32'; defer structural binding";
04E6;alignment_incomplete;CA:3E7B;VILLAGER:Elder! ⏎  We can't go on like this!;oui;CA:3E7B: insufficient_lexical_confidence | CA:3EA8: insufficient_lexical_confidence | CA:3F11: insufficient_lexical_confidence | CA:3F97: insufficient_lexical_confidence;
04E6;alignment_incomplete;CA:3EA8;VILLAGER:Yeah! ⏎  There's no relief in sight.;oui;CA:3E7B: insufficient_lexical_confidence | CA:3EA8: insufficient_lexical_confidence | CA:3F11: insufficient_lexical_confidence | CA:3F97: insufficient_lexical_confidence;
04E6;alignment_incomplete;CA:3ED6;ELDER: ... Oh,;non;CA:3E7B: insufficient_lexical_confidence | CA:3EA8: insufficient_lexical_confidence | CA:3F11: insufficient_lexical_confidence | CA:3F97: insufficient_lexical_confidence;
04E6;alignment_incomplete;CA:3F11;You've really done it to me this time!;oui;CA:3E7B: insufficient_lexical_confidence | CA:3EA8: insufficient_lexical_confidence | CA:3F11: insufficient_lexical_confidence | CA:3F97: insufficient_lexical_confidence;
04E6;alignment_incomplete;CA:3F48;The reason why monsters ⏎  have appeared is because ⏎  you removed the sword.;non;CA:3E7B: insufficient_lexical_confidence | CA:3EA8: insufficient_lexical_confidence | CA:3F11: insufficient_lexical_confidence | CA:3F97: insufficient_lexical_confidence;
04E6;alignment_incomplete;CA:3F97;VILLAGER:It's settled.;oui;CA:3E7B: insufficient_lexical_confidence | CA:3EA8: insufficient_lexical_confidence | CA:3F11: insufficient_lexical_confidence | CA:3F97: insufficient_lexical_confidence;
04E6;alignment_incomplete;CA:3FB0;⏎  We can't let;non;CA:3E7B: insufficient_lexical_confidence | CA:3EA8: insufficient_lexical_confidence | CA:3F11: insufficient_lexical_confidence | CA:3F97: insufficient_lexical_confidence;
04E6;alignment_incomplete;CA:3FC1;stay ⏎  in the village anymore!;non;CA:3E7B: insufficient_lexical_confidence | CA:3EA8: insufficient_lexical_confidence | CA:3F11: insufficient_lexical_confidence | CA:3F97: insufficient_lexical_confidence;
04E6;alignment_incomplete;CA:3FE8;VILLAGER:If we do, more ⏎  monsters will come after ⏎  him!;non;CA:3E7B: insufficient_lexical_confidence | CA:3EA8: insufficient_lexical_confidence | CA:3F11: insufficient_lexical_confidence | CA:3F97: insufficient_lexical_confidence;
04E6;alignment_incomplete;CA:4021;⏎ VILLAGERS:Go! ⏎;non;CA:3E7B: insufficient_lexical_confidence | CA:3EA8: insufficient_lexical_confidence | CA:3F11: insufficient_lexical_confidence | CA:3F97: insufficient_lexical_confidence;
04E6;alignment_incomplete;CA:4038;Get out of here! ⏎;non;CA:3E7B: insufficient_lexical_confidence | CA:3EA8: insufficient_lexical_confidence | CA:3F11: insufficient_lexical_confidence | CA:3F97: insufficient_lexical_confidence;
04E6;alignment_incomplete;CA:4052;Yeah, on your way now!;non;CA:3E7B: insufficient_lexical_confidence | CA:3EA8: insufficient_lexical_confidence | CA:3F11: insufficient_lexical_confidence | CA:3F97: insufficient_lexical_confidence;
04E6;alignment_incomplete;CA:4074;ELDER:I don't want to do ⏎  this;non;CA:3E7B: insufficient_lexical_confidence | CA:3EA8: insufficient_lexical_confidence | CA:3F11: insufficient_lexical_confidence | CA:3F97: insufficient_lexical_confidence;
04E6;alignment_incomplete;CA:4095;, but I have no choice.;non;CA:3E7B: insufficient_lexical_confidence | CA:3EA8: insufficient_lexical_confidence | CA:3F11: insufficient_lexical_confidence | CA:3F97: insufficient_lexical_confidence;
04E6;alignment_incomplete;CA:40AF;I'm going to have to ask ⏎  you to leave the village.;non;CA:3E7B: insufficient_lexical_confidence | CA:3EA8: insufficient_lexical_confidence | CA:3F11: insufficient_lexical_confidence | CA:3F97: insufficient_lexical_confidence;
04E6;alignment_incomplete;CA:40E6;You can take what's in the ⏎  treasure chest downstairs.;non;CA:3E7B: insufficient_lexical_confidence | CA:3EA8: insufficient_lexical_confidence | CA:3F11: insufficient_lexical_confidence | CA:3F97: insufficient_lexical_confidence;
04E7;formatter_rejected;CA:4126;I know I've told you this ⏎  before, but...;non;"CA:4126: French PLAYER_NAME sequence (0,) does not match SNES () | CA:4211+CA:4249: Mapping ['CA:4211', 'CA:4249'] crosses command 'WAIT'; defer structural binding";
04E7;formatter_rejected;CA:4158;Your mother brought you to ⏎  this village when you were ⏎  just a baby.;non;"CA:4126: French PLAYER_NAME sequence (0,) does not match SNES () | CA:4211+CA:4249: Mapping ['CA:4211', 'CA:4249'] crosses command 'WAIT'; defer structural binding";
04E7;formatter_rejected;CA:419F;⏎  Soon afterwards, she ⏎  disappeared...;non;"CA:4126: French PLAYER_NAME sequence (0,) does not match SNES () | CA:4211+CA:4249: Mapping ['CA:4211', 'CA:4249'] crosses command 'WAIT'; defer structural binding";
04E7;formatter_rejected;CA:41C8;I took you and have done ⏎  my best to raise you. ⏎  But now we must part.;non;"CA:4126: French PLAYER_NAME sequence (0,) does not match SNES () | CA:4211+CA:4249: Mapping ['CA:4211', 'CA:4249'] crosses command 'WAIT'; defer structural binding";
04E7;formatter_rejected;CA:4211;⏎  I truly hope you can find ⏎  your mother someday. ⏎  ...;non;"CA:4126: French PLAYER_NAME sequence (0,) does not match SNES () | CA:4211+CA:4249: Mapping ['CA:4211', 'CA:4249'] crosses command 'WAIT'; defer structural binding";
04E7;formatter_rejected;CA:4249;Good bye,;non;"CA:4126: French PLAYER_NAME sequence (0,) does not match SNES () | CA:4211+CA:4249: Mapping ['CA:4211', 'CA:4249'] crosses command 'WAIT'; defer structural binding";
04E8;alignment_incomplete;CA:4261;:Heeelp!;non;CA:437D: validated_no_equivalent;
04E8;alignment_incomplete;CA:427A;Oooh!;non;CA:437D: validated_no_equivalent;
04E8;alignment_incomplete;CA:42B8;:Heeelp. Ouch! ⏎;non;CA:437D: validated_no_equivalent;
04E8;alignment_incomplete;CA:42CA;GOBLINS:You! Do not move! ⏎  Just stay still!;non;CA:437D: validated_no_equivalent;
04E8;alignment_incomplete;CA:4300;You are very lucky! You're ⏎  going to be our main dish!;non;CA:437D: validated_no_equivalent;
04E8;alignment_incomplete;CA:433C;:Haaaalp! Let me go!;non;CA:437D: validated_no_equivalent;
04E8;alignment_incomplete;CA:435D;GOBLINS:You look delicious!;non;CA:437D: validated_no_equivalent;
04E8;alignment_incomplete;CA:437D;...SHRIEK!;oui;CA:437D: validated_no_equivalent;
04E8;alignment_incomplete;CA:43BF;GOBLINS:Hey! The dancing ⏎  has already begun! ⏎  Let's join in!;non;CA:437D: validated_no_equivalent;
04E8;alignment_incomplete;CA:442E;Hey!;non;CA:437D: validated_no_equivalent;
04E8;alignment_incomplete;CA:4442;Hey, you!;non;CA:437D: validated_no_equivalent;
04E8;alignment_incomplete;CA:445F;GIRL:What on earth are you ⏎  doing, you idiot?;non;CA:437D: validated_no_equivalent;
04E8;alignment_incomplete;CA:4491;:Please help me!;non;CA:437D: validated_no_equivalent;
04E8;alignment_incomplete;CA:44A6;GIRL:Shhh. Quiet.;non;CA:437D: validated_no_equivalent;
04E8;alignment_incomplete;CA:44D6;GIRL:Let's get out of here!;non;CA:437D: validated_no_equivalent;
04E8;alignment_incomplete;CA:451B;:I owe you my life. ⏎  But what are you doing ⏎  here?;non;CA:437D: validated_no_equivalent;
04E8;alignment_incomplete;CA:454F;⏎ GIRL:I've been searching for someone. For a second I ⏎  thought you were him...;non;CA:437D: validated_no_equivalent;
04E8;alignment_incomplete;CA:459F;⏎  A case of mistaken ⏎  identity, huh? ⏎  I guess I lose...;non;CA:437D: validated_no_equivalent;
04E8;alignment_incomplete;CA:45DB;:Now wait a minute! ⏎ GIRL:I'm only joking. ⏎  Look, I'm in a hurry.;non;CA:437D: validated_no_equivalent;
04E8;alignment_incomplete;CA:461D;⏎  You'd better get back ⏎  to your home. Later!;non;CA:437D: validated_no_equivalent;
04E8;alignment_incomplete;CA:4665;:Hey, wait!;non;CA:437D: validated_no_equivalent;
04E8;alignment_incomplete;CA:4677;Left without even telling ⏎  me her name...;non;CA:437D: validated_no_equivalent;
04E9;formatter_rejected;CA:46AC;JEMA:Luka, monsters are ⏎  invading villages. ⏎  He just fought one!;non;"CA:48DC+CA:4925: Mapping ['CA:48DC', 'CA:4925'] crosses command 'WAIT'; defer structural binding";
04E9;formatter_rejected;CA:46F5;LUKA:I know. The ebb and ⏎  flow of water brings me ⏎  news from around the world.;non;"CA:48DC+CA:4925: Mapping ['CA:48DC', 'CA:4925'] crosses command 'WAIT'; defer structural binding";
04E9;formatter_rejected;CA:4745;Mana's power is growing ⏎  weak. That's why this boy ⏎  was able to take the Sword.;non;"CA:48DC+CA:4925: Mapping ['CA:48DC', 'CA:4925'] crosses command 'WAIT'; defer structural binding";
04E9;formatter_rejected;CA:4797;When he did, the balance of Mana in this area shifted, ⏎  and monsters revived.;non;"CA:48DC+CA:4925: Mapping ['CA:48DC', 'CA:4925'] crosses command 'WAIT'; defer structural binding";
04E9;formatter_rejected;CA:47E7;⏎  There are evil monsters ⏎  working to steal away the ⏎  power of the Mana Sword!;non;"CA:48DC+CA:4925: Mapping ['CA:48DC', 'CA:4925'] crosses command 'WAIT'; defer structural binding";
04E9;formatter_rejected;CA:4837;⏎  By defeating those evil ⏎  monsters, you can restore ⏎  the Sword's Mana power.;non;"CA:48DC+CA:4925: Mapping ['CA:48DC', 'CA:4925'] crosses command 'WAIT'; defer structural binding";
04E9;formatter_rejected;CA:4886;⏎  The power is kept in orbs. ⏎  Looks like it regained some power from the Mantis Ant.;non;"CA:48DC+CA:4925: Mapping ['CA:48DC', 'CA:4925'] crosses command 'WAIT'; defer structural binding";
04E9;formatter_rejected;CA:48DC;⏎  There must be more hidden ⏎  orbs which hold Mana ⏎  power for the Sword.;non;"CA:48DC+CA:4925: Mapping ['CA:48DC', 'CA:4925'] crosses command 'WAIT'; defer structural binding";
04E9;formatter_rejected;CA:4925;⏎  And you must find someone ⏎  who can forge the sword to ⏎  release its stored power.;non;"CA:48DC+CA:4925: Mapping ['CA:48DC', 'CA:4925'] crosses command 'WAIT'; defer structural binding";
04EA;alignment_incomplete;CA:4980;LUKA:Jema, watch out for the Empire. It seeks to obtain ⏎  the Mana Fortress.;non;CA:4C1F: insufficient_lexical_confidence | CA:4C71: insufficient_lexical_confidence;
04EA;alignment_incomplete;CA:49D3;:You mean the one ⏎  that destroys the world in ⏎  that fairy tale?;non;CA:4C1F: insufficient_lexical_confidence | CA:4C71: insufficient_lexical_confidence;
04EA;alignment_incomplete;CA:4A2A;JEMA:That's no fairy tale. ⏎  The Empire is trying to ⏎  awaken it.;non;CA:4C1F: insufficient_lexical_confidence | CA:4C71: insufficient_lexical_confidence;
04EA;alignment_incomplete;CA:4A6F;LUKA:The Empire is going to ⏎  unlock the seals from the ⏎  world's Mana Seeds.;non;CA:4C1F: insufficient_lexical_confidence | CA:4C71: insufficient_lexical_confidence;
04EA;alignment_incomplete;CA:4ABC;⏎  A bunch of strangers have ⏎  already started snooping ⏎  around this palace!;non;CA:4C1F: insufficient_lexical_confidence | CA:4C71: insufficient_lexical_confidence;
04EA;alignment_incomplete;CA:4B1E;JEMA:Something is very ⏎  wrong in Pandora. Could the Empire be involved?;non;CA:4C1F: insufficient_lexical_confidence | CA:4C71: insufficient_lexical_confidence;
04EA;alignment_incomplete;CA:4B67;⏎ LUKA:I don't know. Jema, see the King of Pandora and ⏎  tell him to be cautious.;non;CA:4C1F: insufficient_lexical_confidence | CA:4C71: insufficient_lexical_confidence;
04EA;alignment_incomplete;CA:4BB8;⏎ JEMA:Right. I'm on my way.;non;CA:4C1F: insufficient_lexical_confidence | CA:4C71: insufficient_lexical_confidence;
04EA;alignment_incomplete;CA:4BD9;, you go to the cave ⏎  called Gaia's Navel.;non;CA:4C1F: insufficient_lexical_confidence | CA:4C71: insufficient_lexical_confidence;
04EA;alignment_incomplete;CA:4C1F;Dwarves live in that cave. ⏎  They make good weapons and ⏎  know all about weapons.;oui;CA:4C1F: insufficient_lexical_confidence | CA:4C71: insufficient_lexical_confidence;
04EA;alignment_incomplete;CA:4C71;⏎  They may know somebody who ⏎  can reforge and empower ⏎  that sword of yours.;oui;CA:4C1F: insufficient_lexical_confidence | CA:4C71: insufficient_lexical_confidence;
04EA;alignment_incomplete;CA:4CBE;⏎  As your sword's power and ⏎  skill level increase, so ⏎  too will your ability.;non;CA:4C1F: insufficient_lexical_confidence | CA:4C71: insufficient_lexical_confidence;
04F0;alignment_incomplete;CA:4D71;No one's allowed now!;oui;CA:4D71: insufficient_lexical_confidence;
04FD;alignment_incomplete;CA:4DD9;...he's...gone!;non;CA:4E59: insufficient_lexical_confidence;
04FD;alignment_incomplete;CA:4DF0;I didn't even say goodbye.;non;CA:4E59: insufficient_lexical_confidence;
04FD;alignment_incomplete;CA:4E2F;... I'll never forget you!;non;CA:4E59: insufficient_lexical_confidence;
04FD;alignment_incomplete;CA:4E4F;Ever!;non;CA:4E59: insufficient_lexical_confidence;
04FD;alignment_incomplete;CA:4E59;...Me too!;oui;CA:4E59: insufficient_lexical_confidence;
04FD;alignment_incomplete;CA:4E71;and Dyluck, too...;non;CA:4E59: insufficient_lexical_confidence;
04FD;alignment_incomplete;CA:4E85;⏎  But we must be strong...;non;CA:4E59: insufficient_lexical_confidence;
04FD;alignment_incomplete;CA:4EB2;The Mana Beast is turning ⏎  into...snow..!;non;CA:4E59: insufficient_lexical_confidence;
0500;alignment_incomplete;CA:58B9;Got Glove;oui;CA:58B9: insufficient_lexical_confidence;
0501;alignment_incomplete;CA:58D5;Got Sword;oui;CA:58D5: insufficient_lexical_confidence;
0502;alignment_incomplete;CA:58F1;Got Axe;oui;CA:58F1: insufficient_lexical_confidence;
0503;alignment_incomplete;CA:590B;Got Spear;oui;CA:590B: insufficient_lexical_confidence;
0504;alignment_incomplete;CA:5927;Got Whip;oui;CA:5927: insufficient_lexical_confidence;
0505;alignment_incomplete;CA:5942;Got Bow;oui;CA:5942: insufficient_lexical_confidence;
0506;alignment_incomplete;CA:595C;Got Boomerang;oui;CA:595C: insufficient_context_or_segmentation;
0507;alignment_incomplete;CA:597C;Got Javelin;oui;CA:597C: insufficient_lexical_confidence;
0509;alignment_incomplete;CA:598C;'s Orb!;oui;CA:598C: insufficient_lexical_confidence;
051D;alignment_incomplete;CA:5C02;EMPEROR:My! What a day to ⏎  remember!;non;CA:5C6C: insufficient_context_or_segmentation;
051D;alignment_incomplete;CA:5C2F;We crush the resistance ⏎  AND the Mana Knight!;non;CA:5C6C: insufficient_context_or_segmentation;
051D;alignment_incomplete;CA:5C6C;SOLDIER:Pipe down! ⏎;oui;CA:5C6C: insufficient_context_or_segmentation;
051D;alignment_incomplete;CA:5C81;:Trapped!;non;CA:5C6C: insufficient_context_or_segmentation;
051D;alignment_incomplete;CA:5C92;EMPEROR:Uwa, ha, ha!;non;CA:5C6C: insufficient_context_or_segmentation;
0521;alignment_incomplete;CA:5CE6;To your right, please.;oui;CA:5CE6: insufficient_lexical_confidence;
052F;alignment_incomplete;CA:5F82;GESHTAR:I'm gonna burn up ⏎  this whole place!;non;CA:5FEF: insufficient_context_or_segmentation;
052F;alignment_incomplete;CA:5FB6;:We're finished!;non;CA:5FEF: insufficient_context_or_segmentation;
052F;alignment_incomplete;CA:5FD1;What's that sound..?;non;CA:5FEF: insufficient_context_or_segmentation;
052F;alignment_incomplete;CA:5FEF;VOICE:Helloow! ⏎;oui;CA:5FEF: insufficient_context_or_segmentation;
052F;alignment_incomplete;CA:6000;:That...that's Truffle!;non;CA:5FEF: insufficient_context_or_segmentation;
0532;alignment_incomplete;CA:6081;TRUFFLE:Am I too late? ⏎  Do you want to know HOW I ⏎  came here?;non;CA:61D8: insufficient_context_or_segmentation;
0532;alignment_incomplete;CA:60C0;⏎  By Flammie! He grew like a ⏎  weed, and started to fly!;non;CA:61D8: insufficient_context_or_segmentation;
0532;alignment_incomplete;CA:60FA;I didn't know what to do, ⏎  so I just hopped on!;non;CA:61D8: insufficient_context_or_segmentation;
0532;alignment_incomplete;CA:612D;Strange, but he thinks ⏎  you're his parents! I guess he wants to help you.;non;CA:61D8: insufficient_context_or_segmentation;
0532;alignment_incomplete;CA:617A;Take this Flammie Drum. ⏎  It's his favorite toy.;non;CA:61D8: insufficient_context_or_segmentation;
0532;alignment_incomplete;CA:61AD;Use it anywhere and he'll ⏎  come to you!;non;CA:61D8: insufficient_context_or_segmentation;
0532;alignment_incomplete;CA:61D8;Now, take me to Matango. ⏎  It's to the south-west.;oui;CA:61D8: insufficient_context_or_segmentation;
0555;alignment_incomplete;CA:631A;:Dyluck!;non;CA:632B: ambiguous_exact_duplicates_with_different_french | CA:6337: insufficient_lexical_confidence | CA:63F1: insufficient_lexical_confidence | CA:6423: insufficient_lexical_confidence;
0555;alignment_incomplete;CA:632B;DYLUCK:...;oui;CA:632B: ambiguous_exact_duplicates_with_different_french | CA:6337: insufficient_lexical_confidence | CA:63F1: insufficient_lexical_confidence | CA:6423: insufficient_lexical_confidence;
0555;alignment_incomplete;CA:6337;! ⏎  At last!;oui;CA:632B: ambiguous_exact_duplicates_with_different_french | CA:6337: insufficient_lexical_confidence | CA:63F1: insufficient_lexical_confidence | CA:6423: insufficient_lexical_confidence;
0555;alignment_incomplete;CA:6347;:Dyluck! ⏎  I'm so glad you're safe!;non;CA:632B: ambiguous_exact_duplicates_with_different_french | CA:6337: insufficient_lexical_confidence | CA:63F1: insufficient_lexical_confidence | CA:6423: insufficient_lexical_confidence;
0555;alignment_incomplete;CA:639B;:What are you doing? ⏎;non;CA:632B: ambiguous_exact_duplicates_with_different_french | CA:6337: insufficient_lexical_confidence | CA:63F1: insufficient_lexical_confidence | CA:6423: insufficient_lexical_confidence;
0555;alignment_incomplete;CA:63B9;DYLUCK:Pesky girl...;non;CA:632B: ambiguous_exact_duplicates_with_different_french | CA:6337: insufficient_lexical_confidence | CA:63F1: insufficient_lexical_confidence | CA:6423: insufficient_lexical_confidence;
0555;alignment_incomplete;CA:63D8;:Bring her back, ⏎  NOW!;non;CA:632B: ambiguous_exact_duplicates_with_different_french | CA:6337: insufficient_lexical_confidence | CA:63F1: insufficient_lexical_confidence | CA:6423: insufficient_lexical_confidence;
0555;alignment_incomplete;CA:63F1;DYLUCK:Sorry, but Thanatos ⏎  needs her help...;oui;CA:632B: ambiguous_exact_duplicates_with_different_french | CA:6337: insufficient_lexical_confidence | CA:63F1: insufficient_lexical_confidence | CA:6423: insufficient_lexical_confidence;
0555;alignment_incomplete;CA:6423;:You can't be ⏎  serious! She LOVES you! ⏎  I can't handle this!;oui;CA:632B: ambiguous_exact_duplicates_with_different_french | CA:6337: insufficient_lexical_confidence | CA:63F1: insufficient_lexical_confidence | CA:6423: insufficient_lexical_confidence;
0555;alignment_incomplete;CA:6480;DYLUCK:Ouch! ⏎  Uh...;non;CA:632B: ambiguous_exact_duplicates_with_different_french | CA:6337: insufficient_lexical_confidence | CA:63F1: insufficient_lexical_confidence | CA:6423: insufficient_lexical_confidence;
0555;alignment_incomplete;CA:649C;! Ahhh!;non;CA:632B: ambiguous_exact_duplicates_with_different_french | CA:6337: insufficient_lexical_confidence | CA:63F1: insufficient_lexical_confidence | CA:6423: insufficient_lexical_confidence;
0555;alignment_incomplete;CA:64A6;...Thanks, I needed that! ⏎  I can't move, so please ⏎  help;non;CA:632B: ambiguous_exact_duplicates_with_different_french | CA:6337: insufficient_lexical_confidence | CA:63F1: insufficient_lexical_confidence | CA:6423: insufficient_lexical_confidence;
0557;alignment_incomplete;CA:64F6;DYLUCK:Go through the ⏎  door back there.;oui;CA:64F6: ambiguous_exact_duplicates_with_different_french;
0558;alignment_incomplete;CA:6549;Ahhh! ⏎;oui;CA:6549: insufficient_context_or_segmentation | CA:65E8: insufficient_context_or_segmentation | CA:6629: insufficient_lexical_confidence;
0558;alignment_incomplete;CA:6557;THANATOS:Guwu, ha, ha! ⏎  Stick around!;non;CA:6549: insufficient_context_or_segmentation | CA:65E8: insufficient_context_or_segmentation | CA:6629: insufficient_lexical_confidence;
0558;alignment_incomplete;CA:657F;Her life force is strong! ⏎  She'll...;non;CA:6549: insufficient_context_or_segmentation | CA:65E8: insufficient_context_or_segmentation | CA:6629: insufficient_lexical_confidence;
0558;alignment_incomplete;CA:65A6;hey! What the..?;non;CA:6549: insufficient_context_or_segmentation | CA:65E8: insufficient_context_or_segmentation | CA:6629: insufficient_lexical_confidence;
0558;alignment_incomplete;CA:65BE;THANATOS:Idiot! Stop it!;non;CA:6549: insufficient_context_or_segmentation | CA:65E8: insufficient_context_or_segmentation | CA:6629: insufficient_lexical_confidence;
0558;alignment_incomplete;CA:65E8;:Where am I... ⏎;oui;CA:6549: insufficient_context_or_segmentation | CA:65E8: insufficient_context_or_segmentation | CA:6629: insufficient_lexical_confidence;
0558;alignment_incomplete;CA:6617;:You can move!? ⏎;non;CA:6549: insufficient_context_or_segmentation | CA:65E8: insufficient_context_or_segmentation | CA:6629: insufficient_lexical_confidence;
0558;alignment_incomplete;CA:6629;:We can too!;oui;CA:6549: insufficient_context_or_segmentation | CA:65E8: insufficient_context_or_segmentation | CA:6629: insufficient_lexical_confidence;
0558;alignment_incomplete;CA:6646;THANATOS:Ah! Dyluck! ⏎  He sent her some power!;non;CA:6549: insufficient_context_or_segmentation | CA:65E8: insufficient_context_or_segmentation | CA:6629: insufficient_lexical_confidence;
0558;alignment_incomplete;CA:6676;Who does he think he's ⏎  toying with?;non;CA:6549: insufficient_context_or_segmentation | CA:65E8: insufficient_context_or_segmentation | CA:6629: insufficient_lexical_confidence;
0558;alignment_incomplete;CA:66A1;I grow tired of you! ⏎  Vampire, take 'em!;non;CA:6549: insufficient_context_or_segmentation | CA:65E8: insufficient_context_or_segmentation | CA:6629: insufficient_lexical_confidence;
0559;alignment_incomplete;CA:66ED;:Where's Dyluck? ⏎;non;CA:6725: ambiguous_exact_duplicates_with_different_french;
0559;alignment_incomplete;CA:6710;Dyluck! ⏎;non;CA:6725: ambiguous_exact_duplicates_with_different_french;
0559;alignment_incomplete;CA:6725;Dyluck!!;oui;CA:6725: ambiguous_exact_duplicates_with_different_french;
0559;alignment_incomplete;CA:674A;:...Let's go...;non;CA:6725: ambiguous_exact_duplicates_with_different_french;
0559;alignment_incomplete;CA:6766;:I'm okay... ⏎  I'll find him... ⏎;non;CA:6725: ambiguous_exact_duplicates_with_different_french;
0559;alignment_incomplete;CA:6787;I'm sure!;non;CA:6725: ambiguous_exact_duplicates_with_different_french;
055E;alignment_incomplete;CA:67F3;:Phanna! Wake up! ⏎  Are you okay, Phanna? ⏎ PHANNA:...;non;CA:6828: insufficient_lexical_confidence | CA:687F: insufficient_lexical_confidence | CA:68B1: insufficient_context_or_segmentation | CA:6962: insufficient_lexical_confidence;
055E;alignment_incomplete;CA:6828;Hush!;oui;CA:6828: insufficient_lexical_confidence | CA:687F: insufficient_lexical_confidence | CA:68B1: insufficient_context_or_segmentation | CA:6962: insufficient_lexical_confidence;
055E;alignment_incomplete;CA:6835;⏎ PHANNA:Dyluck and I are ⏎  happy here! We just love ⏎  being together!;non;CA:6828: insufficient_lexical_confidence | CA:687F: insufficient_lexical_confidence | CA:68B1: insufficient_context_or_segmentation | CA:6962: insufficient_lexical_confidence;
055E;alignment_incomplete;CA:687F;:Liar! ⏎;oui;CA:6828: insufficient_lexical_confidence | CA:687F: insufficient_lexical_confidence | CA:68B1: insufficient_context_or_segmentation | CA:6962: insufficient_lexical_confidence;
055E;alignment_incomplete;CA:688A;PHANNA:Don't you wish!?;non;CA:6828: insufficient_lexical_confidence | CA:687F: insufficient_lexical_confidence | CA:68B1: insufficient_context_or_segmentation | CA:6962: insufficient_lexical_confidence;
055E;alignment_incomplete;CA:68B1;PHANNA:Ooh! ⏎;oui;CA:6828: insufficient_lexical_confidence | CA:687F: insufficient_lexical_confidence | CA:68B1: insufficient_context_or_segmentation | CA:6962: insufficient_lexical_confidence;
055E;alignment_incomplete;CA:68D9;:Oh...Phanna...;non;CA:6828: insufficient_lexical_confidence | CA:687F: insufficient_lexical_confidence | CA:68B1: insufficient_context_or_segmentation | CA:6962: insufficient_lexical_confidence;
055E;alignment_incomplete;CA:68EF;Phanna...;non;CA:6828: insufficient_lexical_confidence | CA:687F: insufficient_lexical_confidence | CA:68B1: insufficient_context_or_segmentation | CA:6962: insufficient_lexical_confidence;
055E;alignment_incomplete;CA:68FF;I...;non;CA:6828: insufficient_lexical_confidence | CA:687F: insufficient_lexical_confidence | CA:68B1: insufficient_context_or_segmentation | CA:6962: insufficient_lexical_confidence;
055E;alignment_incomplete;CA:6923;:Let's get her to ⏎  Krissie's. ⏎;non;CA:6828: insufficient_lexical_confidence | CA:687F: insufficient_lexical_confidence | CA:68B1: insufficient_context_or_segmentation | CA:6962: insufficient_lexical_confidence;
055E;alignment_incomplete;CA:6945;:Come on,;non;CA:6828: insufficient_lexical_confidence | CA:687F: insufficient_lexical_confidence | CA:68B1: insufficient_context_or_segmentation | CA:6962: insufficient_lexical_confidence;
055E;alignment_incomplete;CA:6962;KRISSIE:;oui;CA:6828: insufficient_lexical_confidence | CA:687F: insufficient_lexical_confidence | CA:68B1: insufficient_context_or_segmentation | CA:6962: insufficient_lexical_confidence;
055E;alignment_incomplete;CA:696C;! ⏎  What's up?;non;CA:6828: insufficient_lexical_confidence | CA:687F: insufficient_lexical_confidence | CA:68B1: insufficient_context_or_segmentation | CA:6962: insufficient_lexical_confidence;
055E;alignment_incomplete;CA:6988;:Krissie! ⏎  Can you help her?;non;CA:6828: insufficient_lexical_confidence | CA:687F: insufficient_lexical_confidence | CA:68B1: insufficient_context_or_segmentation | CA:6962: insufficient_lexical_confidence;
055E;alignment_incomplete;CA:69A7;KRISSIE:No sweat. I'll take ⏎  her to our doctor.;non;CA:6828: insufficient_lexical_confidence | CA:687F: insufficient_lexical_confidence | CA:68B1: insufficient_context_or_segmentation | CA:6962: insufficient_lexical_confidence;
055E;alignment_incomplete;CA:69DF;:Please!;non;CA:6828: insufficient_lexical_confidence | CA:687F: insufficient_lexical_confidence | CA:68B1: insufficient_context_or_segmentation | CA:6962: insufficient_lexical_confidence;
055E;alignment_incomplete;CA:69EA;KRISSIE:Don't worry! ⏎  Go help Dyluck!;non;CA:6828: insufficient_lexical_confidence | CA:687F: insufficient_lexical_confidence | CA:68B1: insufficient_context_or_segmentation | CA:6962: insufficient_lexical_confidence;
0580;alignment_incomplete;CA:6B9C;Got Gnome's powers!;oui;CA:6B9C: insufficient_context_or_segmentation;
0580;alignment_incomplete;CA:6BB9;To the Mana Seed!;non;CA:6B9C: insufficient_context_or_segmentation;
0582;alignment_incomplete;CA:6E99;SALAMANDO:Whew, thanks! ⏎  I'm the Fire Elemental ⏎  Salamando!;non;CA:6F3D: insufficient_context_or_segmentation;
0582;alignment_incomplete;CA:6ED6;⏎  How dare those creatures ⏎  use me as a heater?!;non;CA:6F3D: insufficient_context_or_segmentation;
0582;alignment_incomplete;CA:6F0A;Now, let me teach you the ⏎  power of FIRE!;non;CA:6F3D: insufficient_context_or_segmentation;
0582;alignment_incomplete;CA:6F3D;Got Salamando's powers!;oui;CA:6F3D: insufficient_context_or_segmentation;
0584;alignment_incomplete;CA:6FA4;LUNA:I, Luna the moon ⏎  spirit, have awaited you.;non;CA:6FD7: insufficient_lexical_confidence | CA:7005: insufficient_lexical_confidence;
0584;alignment_incomplete;CA:6FD7;So sad this place has ⏎  grown...but enough!;oui;CA:6FD7: insufficient_lexical_confidence | CA:7005: insufficient_lexical_confidence;
0584;alignment_incomplete;CA:7005;Take with you my powers! ⏎  GO! Mana is fading...;oui;CA:6FD7: insufficient_lexical_confidence | CA:7005: insufficient_lexical_confidence;
0584;alignment_incomplete;CA:7044;Gained Luna's powers!;non;CA:6FD7: insufficient_lexical_confidence | CA:7005: insufficient_lexical_confidence;
0587;alignment_incomplete;CA:7154;LUMINA:I'm Lumina! ⏎  The king was robbing me of ⏎  my power!;oui;CA:7154: insufficient_lexical_confidence | CA:718F: insufficient_lexical_confidence;
0587;alignment_incomplete;CA:718F;⏎  He was forcing me to make ⏎  gold! My power should not ⏎  be used by anyone but you!;oui;CA:7154: insufficient_lexical_confidence | CA:718F: insufficient_lexical_confidence;
0587;alignment_incomplete;CA:71E3;⏎  Take my powers, before ⏎  evil engulfs us all!;non;CA:7154: insufficient_lexical_confidence | CA:718F: insufficient_lexical_confidence;
0587;alignment_incomplete;CA:723A;⏎   Gained Lumina's powers!;non;CA:7154: insufficient_lexical_confidence | CA:718F: insufficient_lexical_confidence;
0592;alignment_incomplete;CA:73F5;Received the Seed's power!;non;CA:7459: insufficient_context_or_segmentation;
0592;alignment_incomplete;CA:7437;:Hey,;non;CA:7459: insufficient_context_or_segmentation;
0592;alignment_incomplete;CA:7450;:Oww!..;non;CA:7459: insufficient_context_or_segmentation;
0592;alignment_incomplete;CA:7459;my head! ⏎;oui;CA:7459: insufficient_context_or_segmentation;
0592;alignment_incomplete;CA:7472;:You okay? ⏎;non;CA:7459: insufficient_context_or_segmentation;
0592;alignment_incomplete;CA:748F;:Oh..!;non;CA:7459: insufficient_context_or_segmentation;
0592;alignment_incomplete;CA:749E;:What's wrong?;non;CA:7459: insufficient_context_or_segmentation;
0592;alignment_incomplete;CA:74B6;:Whew! I can remember ⏎  everything, now!!;non;CA:7459: insufficient_context_or_segmentation;
0592;alignment_incomplete;CA:74E5;We live in the Upper Land ⏎  forest!;non;CA:7459: insufficient_context_or_segmentation;
0592;alignment_incomplete;CA:750D;You've got ⏎  to take me there!;non;CA:7459: insufficient_context_or_segmentation;
0592;alignment_incomplete;CA:752E;I'll let you hang out with ⏎  me until we arrive! ⏎;non;CA:7459: insufficient_context_or_segmentation;
0592;alignment_incomplete;CA:7565;:What a treat!;non;CA:7459: insufficient_context_or_segmentation;
059D;alignment_incomplete;CA:7731;Locked!;oui;CA:7731: insufficient_context_or_segmentation;
05B0;alignment_incomplete;CA:77F0;1;non;CA:77FF: ambiguous_exact_duplicates_with_different_french;
05B0;alignment_incomplete;CA:77F3;2;non;CA:77FF: ambiguous_exact_duplicates_with_different_french;
05B0;alignment_incomplete;CA:77F6;3;non;CA:77FF: ambiguous_exact_duplicates_with_different_french;
05B0;alignment_incomplete;CA:77F9;4;non;CA:77FF: ambiguous_exact_duplicates_with_different_french;
05B0;alignment_incomplete;CA:77FC;5;non;CA:77FF: ambiguous_exact_duplicates_with_different_french;
05B0;alignment_incomplete;CA:77FF;6;oui;CA:77FF: ambiguous_exact_duplicates_with_different_french;
05B0;alignment_incomplete;CA:7802;7;non;CA:77FF: ambiguous_exact_duplicates_with_different_french;
05B0;alignment_incomplete;CA:7805;8;non;CA:77FF: ambiguous_exact_duplicates_with_different_french;
05B1;alignment_incomplete;CA:781E;Go away!;oui;CA:781E: ambiguous_exact_duplicates_with_different_french;
05B2;alignment_incomplete;CA:7833;“ 6 ? ? ”;oui;CA:7833: ambiguous_exact_duplicates_with_different_french;
05B3;alignment_incomplete;CA:784E;“ 6 3 ? ”;oui;CA:784E: insufficient_context_or_segmentation;
05B4;alignment_incomplete;CA:7864;“ 6 3 4 ” ⏎;oui;CA:7864: insufficient_lexical_confidence;
05DA;formatter_rejected;CA:78A1;Continue on. ⏎  Shall I save your game? ⏎;non;CA:78A1: Unsupported editable dialogue character: '▽';
05DA;formatter_rejected;CA:78CE;Yes;non;CA:78A1: Unsupported editable dialogue character: '▽';
05DA;formatter_rejected;CA:78D3;No  );non;CA:78A1: Unsupported editable dialogue character: '▽';
05F8;alignment_incomplete;CA:7A0C;:Where are we?;non;CA:7C98: insufficient_lexical_confidence | CA:7D08: ambiguous_exact_duplicates_with_different_french | CA:8323: insufficient_context_or_segmentation | CA:833E: insufficient_context_or_segmentation | CA:8368: insufficient_context_or_segmentation | CA:844F: insufficient_context_or_segmentation | CA:854C: insufficient_context_or_segmentation;
05F8;alignment_incomplete;CA:7A43;:Look!;non;CA:7C98: insufficient_lexical_confidence | CA:7D08: ambiguous_exact_duplicates_with_different_french | CA:8323: insufficient_context_or_segmentation | CA:833E: insufficient_context_or_segmentation | CA:8368: insufficient_context_or_segmentation | CA:844F: insufficient_context_or_segmentation | CA:854C: insufficient_context_or_segmentation;
05F8;alignment_incomplete;CA:7A58;The Mana Tree!;non;CA:7C98: insufficient_lexical_confidence | CA:7D08: ambiguous_exact_duplicates_with_different_french | CA:8323: insufficient_context_or_segmentation | CA:833E: insufficient_context_or_segmentation | CA:8368: insufficient_context_or_segmentation | CA:844F: insufficient_context_or_segmentation | CA:854C: insufficient_context_or_segmentation;
05F8;alignment_incomplete;CA:7A7D;:We're here! Let's ⏎  revive the Mana Sword!;non;CA:7C98: insufficient_lexical_confidence | CA:7D08: ambiguous_exact_duplicates_with_different_french | CA:8323: insufficient_context_or_segmentation | CA:833E: insufficient_context_or_segmentation | CA:8368: insufficient_context_or_segmentation | CA:844F: insufficient_context_or_segmentation | CA:854C: insufficient_context_or_segmentation;
05F8;alignment_incomplete;CA:7AB0;:It's like a dream.;non;CA:7C98: insufficient_lexical_confidence | CA:7D08: ambiguous_exact_duplicates_with_different_french | CA:8323: insufficient_context_or_segmentation | CA:833E: insufficient_context_or_segmentation | CA:8368: insufficient_context_or_segmentation | CA:844F: insufficient_context_or_segmentation | CA:854C: insufficient_context_or_segmentation;
05F8;alignment_incomplete;CA:7AC5;⏎  Can we REALLY be here?;non;CA:7C98: insufficient_lexical_confidence | CA:7D08: ambiguous_exact_duplicates_with_different_french | CA:8323: insufficient_context_or_segmentation | CA:833E: insufficient_context_or_segmentation | CA:8368: insufficient_context_or_segmentation | CA:844F: insufficient_context_or_segmentation | CA:854C: insufficient_context_or_segmentation;
05F8;alignment_incomplete;CA:7AF1;We've done it!;non;CA:7C98: insufficient_lexical_confidence | CA:7D08: ambiguous_exact_duplicates_with_different_french | CA:8323: insufficient_context_or_segmentation | CA:833E: insufficient_context_or_segmentation | CA:8368: insufficient_context_or_segmentation | CA:844F: insufficient_context_or_segmentation | CA:854C: insufficient_context_or_segmentation;
05F8;alignment_incomplete;CA:7B08;I'm so glad I met you... ⏎  and you too,;non;CA:7C98: insufficient_lexical_confidence | CA:7D08: ambiguous_exact_duplicates_with_different_french | CA:8323: insufficient_context_or_segmentation | CA:833E: insufficient_context_or_segmentation | CA:8368: insufficient_context_or_segmentation | CA:844F: insufficient_context_or_segmentation | CA:854C: insufficient_context_or_segmentation;
05F8;alignment_incomplete;CA:7B38;:I'm so lucky I ⏎  found such good help!;non;CA:7C98: insufficient_lexical_confidence | CA:7D08: ambiguous_exact_duplicates_with_different_french | CA:8323: insufficient_context_or_segmentation | CA:833E: insufficient_context_or_segmentation | CA:8368: insufficient_context_or_segmentation | CA:844F: insufficient_context_or_segmentation | CA:854C: insufficient_context_or_segmentation;
05F8;alignment_incomplete;CA:7B69;:So much has ⏎  happened...;non;CA:7C98: insufficient_lexical_confidence | CA:7D08: ambiguous_exact_duplicates_with_different_french | CA:8323: insufficient_context_or_segmentation | CA:833E: insufficient_context_or_segmentation | CA:8368: insufficient_context_or_segmentation | CA:844F: insufficient_context_or_segmentation | CA:854C: insufficient_context_or_segmentation;
05F8;alignment_incomplete;CA:7B85;We never gave up hope...;non;CA:7C98: insufficient_lexical_confidence | CA:7D08: ambiguous_exact_duplicates_with_different_french | CA:8323: insufficient_context_or_segmentation | CA:833E: insufficient_context_or_segmentation | CA:8368: insufficient_context_or_segmentation | CA:844F: insufficient_context_or_segmentation | CA:854C: insufficient_context_or_segmentation;
05F8;alignment_incomplete;CA:7BA0;⏎  And we have just ⏎  one more job to do.;non;CA:7C98: insufficient_lexical_confidence | CA:7D08: ambiguous_exact_duplicates_with_different_french | CA:8323: insufficient_context_or_segmentation | CA:833E: insufficient_context_or_segmentation | CA:8368: insufficient_context_or_segmentation | CA:844F: insufficient_context_or_segmentation | CA:854C: insufficient_context_or_segmentation;
05F8;alignment_incomplete;CA:7BC9;⏎  Ask the Mana Tree to revive the sword,;non;CA:7C98: insufficient_lexical_confidence | CA:7D08: ambiguous_exact_duplicates_with_different_french | CA:8323: insufficient_context_or_segmentation | CA:833E: insufficient_context_or_segmentation | CA:8368: insufficient_context_or_segmentation | CA:844F: insufficient_context_or_segmentation | CA:854C: insufficient_context_or_segmentation;
05F8;alignment_incomplete;CA:7BF4;then we can beat the Fortress!;non;CA:7C98: insufficient_lexical_confidence | CA:7D08: ambiguous_exact_duplicates_with_different_french | CA:8323: insufficient_context_or_segmentation | CA:833E: insufficient_context_or_segmentation | CA:8368: insufficient_context_or_segmentation | CA:844F: insufficient_context_or_segmentation | CA:854C: insufficient_context_or_segmentation;
05F8;alignment_incomplete;CA:7C54;Ha! Now see the power of ⏎  the Mana Fortress!;non;CA:7C98: insufficient_lexical_confidence | CA:7D08: ambiguous_exact_duplicates_with_different_french | CA:8323: insufficient_context_or_segmentation | CA:833E: insufficient_context_or_segmentation | CA:8368: insufficient_context_or_segmentation | CA:844F: insufficient_context_or_segmentation | CA:854C: insufficient_context_or_segmentation;
05F8;alignment_incomplete;CA:7C98;:Heeelp! Hey... ⏎  you guys okay? ⏎;oui;CA:7C98: insufficient_lexical_confidence | CA:7D08: ambiguous_exact_duplicates_with_different_french | CA:8323: insufficient_context_or_segmentation | CA:833E: insufficient_context_or_segmentation | CA:8368: insufficient_context_or_segmentation | CA:844F: insufficient_context_or_segmentation | CA:854C: insufficient_context_or_segmentation;
05F8;alignment_incomplete;CA:7CBA;:Heeelp!;non;CA:7C98: insufficient_lexical_confidence | CA:7D08: ambiguous_exact_duplicates_with_different_french | CA:8323: insufficient_context_or_segmentation | CA:833E: insufficient_context_or_segmentation | CA:8368: insufficient_context_or_segmentation | CA:844F: insufficient_context_or_segmentation | CA:854C: insufficient_context_or_segmentation;
05F8;alignment_incomplete;CA:7D08;Wake up!;oui;CA:7C98: insufficient_lexical_confidence | CA:7D08: ambiguous_exact_duplicates_with_different_french | CA:8323: insufficient_context_or_segmentation | CA:833E: insufficient_context_or_segmentation | CA:8368: insufficient_context_or_segmentation | CA:844F: insufficient_context_or_segmentation | CA:854C: insufficient_context_or_segmentation;
05F8;alignment_incomplete;CA:7D32;:Where are we? ⏎  There's no Mana Tree...;non;CA:7C98: insufficient_lexical_confidence | CA:7D08: ambiguous_exact_duplicates_with_different_french | CA:8323: insufficient_context_or_segmentation | CA:833E: insufficient_context_or_segmentation | CA:8368: insufficient_context_or_segmentation | CA:844F: insufficient_context_or_segmentation | CA:854C: insufficient_context_or_segmentation;
05F8;alignment_incomplete;CA:7D5E;:What the...after all ⏎  we've been through! ⏎;non;CA:7C98: insufficient_lexical_confidence | CA:7D08: ambiguous_exact_duplicates_with_different_french | CA:8323: insufficient_context_or_segmentation | CA:833E: insufficient_context_or_segmentation | CA:8368: insufficient_context_or_segmentation | CA:844F: insufficient_context_or_segmentation | CA:854C: insufficient_context_or_segmentation;
05F8;alignment_incomplete;CA:7D8D;It's THANATOS's doing!;non;CA:7C98: insufficient_lexical_confidence | CA:7D08: ambiguous_exact_duplicates_with_different_french | CA:8323: insufficient_context_or_segmentation | CA:833E: insufficient_context_or_segmentation | CA:8368: insufficient_context_or_segmentation | CA:844F: insufficient_context_or_segmentation | CA:854C: insufficient_context_or_segmentation;
05F8;alignment_incomplete;CA:7DA9;:...what's going to ⏎  happen now?;non;CA:7C98: insufficient_lexical_confidence | CA:7D08: ambiguous_exact_duplicates_with_different_french | CA:8323: insufficient_context_or_segmentation | CA:833E: insufficient_context_or_segmentation | CA:8368: insufficient_context_or_segmentation | CA:844F: insufficient_context_or_segmentation | CA:854C: insufficient_context_or_segmentation;
05F8;alignment_incomplete;CA:7DE1;MANA TREE:...;non;CA:7C98: insufficient_lexical_confidence | CA:7D08: ambiguous_exact_duplicates_with_different_french | CA:8323: insufficient_context_or_segmentation | CA:833E: insufficient_context_or_segmentation | CA:8368: insufficient_context_or_segmentation | CA:844F: insufficient_context_or_segmentation | CA:854C: insufficient_context_or_segmentation;
05F8;alignment_incomplete;CA:7DF0;... It is I, the Mana Tree.;non;CA:7C98: insufficient_lexical_confidence | CA:7D08: ambiguous_exact_duplicates_with_different_french | CA:8323: insufficient_context_or_segmentation | CA:833E: insufficient_context_or_segmentation | CA:8368: insufficient_context_or_segmentation | CA:844F: insufficient_context_or_segmentation | CA:854C: insufficient_context_or_segmentation;
05F8;alignment_incomplete;CA:7E0E;The Mana Fortress is ⏎  using up most of the ⏎  world's Mana.;non;CA:7C98: insufficient_lexical_confidence | CA:7D08: ambiguous_exact_duplicates_with_different_french | CA:8323: insufficient_context_or_segmentation | CA:833E: insufficient_context_or_segmentation | CA:8368: insufficient_context_or_segmentation | CA:844F: insufficient_context_or_segmentation | CA:854C: insufficient_context_or_segmentation;
05F8;alignment_incomplete;CA:7E4B;Soon all the beasts of ⏎  will be transformed ⏎  into one giant creature.;non;CA:7C98: insufficient_lexical_confidence | CA:7D08: ambiguous_exact_duplicates_with_different_french | CA:8323: insufficient_context_or_segmentation | CA:833E: insufficient_context_or_segmentation | CA:8368: insufficient_context_or_segmentation | CA:844F: insufficient_context_or_segmentation | CA:854C: insufficient_context_or_segmentation;
05F8;alignment_incomplete;CA:7E94;Only the great Mana Beast ⏎  can bring back Mana.;non;CA:7C98: insufficient_lexical_confidence | CA:7D08: ambiguous_exact_duplicates_with_different_french | CA:8323: insufficient_context_or_segmentation | CA:833E: insufficient_context_or_segmentation | CA:8368: insufficient_context_or_segmentation | CA:844F: insufficient_context_or_segmentation | CA:854C: insufficient_context_or_segmentation;
05F8;alignment_incomplete;CA:7EC7;But the Beast has little ⏎  control over its rage.;non;CA:7C98: insufficient_lexical_confidence | CA:7D08: ambiguous_exact_duplicates_with_different_french | CA:8323: insufficient_context_or_segmentation | CA:833E: insufficient_context_or_segmentation | CA:8368: insufficient_context_or_segmentation | CA:844F: insufficient_context_or_segmentation | CA:854C: insufficient_context_or_segmentation;
05F8;alignment_incomplete;CA:7EFB;If it were to attack the ⏎  Fortress, the world would ⏎  be finished.;non;CA:7C98: insufficient_lexical_confidence | CA:7D08: ambiguous_exact_duplicates_with_different_french | CA:8323: insufficient_context_or_segmentation | CA:833E: insufficient_context_or_segmentation | CA:8368: insufficient_context_or_segmentation | CA:844F: insufficient_context_or_segmentation | CA:854C: insufficient_context_or_segmentation;
05F8;alignment_incomplete;CA:7F40;The only way to avoid this ⏎  is to beat it using the ⏎  Mana Sword.;non;CA:7C98: insufficient_lexical_confidence | CA:7D08: ambiguous_exact_duplicates_with_different_french | CA:8323: insufficient_context_or_segmentation | CA:833E: insufficient_context_or_segmentation | CA:8368: insufficient_context_or_segmentation | CA:844F: insufficient_context_or_segmentation | CA:854C: insufficient_context_or_segmentation;
05F8;alignment_incomplete;CA:7F84;The sword can only be used ⏎  by people of the Tribe of ⏎  Mana.;non;CA:7C98: insufficient_lexical_confidence | CA:7D08: ambiguous_exact_duplicates_with_different_french | CA:8323: insufficient_context_or_segmentation | CA:833E: insufficient_context_or_segmentation | CA:8368: insufficient_context_or_segmentation | CA:844F: insufficient_context_or_segmentation | CA:854C: insufficient_context_or_segmentation;
05F8;alignment_incomplete;CA:7FC4;Your father, the legendary ⏎  knight, Serin should ⏎  be standing here, now.;non;CA:7C98: insufficient_lexical_confidence | CA:7D08: ambiguous_exact_duplicates_with_different_french | CA:8323: insufficient_context_or_segmentation | CA:833E: insufficient_context_or_segmentation | CA:8368: insufficient_context_or_segmentation | CA:844F: insufficient_context_or_segmentation | CA:854C: insufficient_context_or_segmentation;
05F8;alignment_incomplete;CA:8010;He was badly wounded 15 ⏎  years ago by the Emperor, ⏎  but vowed to stop him.;non;CA:7C98: insufficient_lexical_confidence | CA:7D08: ambiguous_exact_duplicates_with_different_french | CA:8323: insufficient_context_or_segmentation | CA:833E: insufficient_context_or_segmentation | CA:8368: insufficient_context_or_segmentation | CA:844F: insufficient_context_or_segmentation | CA:854C: insufficient_context_or_segmentation;
05F8;alignment_incomplete;CA:805E;On his way to a final ⏎  showdown, he fell and never got up. That was in Potos.;non;CA:7C98: insufficient_lexical_confidence | CA:7D08: ambiguous_exact_duplicates_with_different_french | CA:8323: insufficient_context_or_segmentation | CA:833E: insufficient_context_or_segmentation | CA:8368: insufficient_context_or_segmentation | CA:844F: insufficient_context_or_segmentation | CA:854C: insufficient_context_or_segmentation;
05F8;alignment_incomplete;CA:80B4;:You mean;non;CA:7C98: insufficient_lexical_confidence | CA:7D08: ambiguous_exact_duplicates_with_different_french | CA:8323: insufficient_context_or_segmentation | CA:833E: insufficient_context_or_segmentation | CA:8368: insufficient_context_or_segmentation | CA:844F: insufficient_context_or_segmentation | CA:854C: insufficient_context_or_segmentation;
05F8;alignment_incomplete;CA:80C2;the ghost ⏎  I saw by the falls was ⏎  my dad?;non;CA:7C98: insufficient_lexical_confidence | CA:7D08: ambiguous_exact_duplicates_with_different_french | CA:8323: insufficient_context_or_segmentation | CA:833E: insufficient_context_or_segmentation | CA:8368: insufficient_context_or_segmentation | CA:844F: insufficient_context_or_segmentation | CA:854C: insufficient_context_or_segmentation;
05F8;alignment_incomplete;CA:80F2;MANA TREE:That was your ⏎  father, Serin.;non;CA:7C98: insufficient_lexical_confidence | CA:7D08: ambiguous_exact_duplicates_with_different_french | CA:8323: insufficient_context_or_segmentation | CA:833E: insufficient_context_or_segmentation | CA:8368: insufficient_context_or_segmentation | CA:844F: insufficient_context_or_segmentation | CA:854C: insufficient_context_or_segmentation;
05F8;alignment_incomplete;CA:811D;I was his ⏎  wife...;non;CA:7C98: insufficient_lexical_confidence | CA:7D08: ambiguous_exact_duplicates_with_different_french | CA:8323: insufficient_context_or_segmentation | CA:833E: insufficient_context_or_segmentation | CA:8368: insufficient_context_or_segmentation | CA:844F: insufficient_context_or_segmentation | CA:854C: insufficient_context_or_segmentation;
05F8;alignment_incomplete;CA:8132;and am your mother.;non;CA:7C98: insufficient_lexical_confidence | CA:7D08: ambiguous_exact_duplicates_with_different_french | CA:8323: insufficient_context_or_segmentation | CA:833E: insufficient_context_or_segmentation | CA:8368: insufficient_context_or_segmentation | CA:844F: insufficient_context_or_segmentation | CA:854C: insufficient_context_or_segmentation;
05F8;alignment_incomplete;CA:814D;⏎  We are of the Mana Tribe.;non;CA:7C98: insufficient_lexical_confidence | CA:7D08: ambiguous_exact_duplicates_with_different_french | CA:8323: insufficient_context_or_segmentation | CA:833E: insufficient_context_or_segmentation | CA:8368: insufficient_context_or_segmentation | CA:844F: insufficient_context_or_segmentation | CA:854C: insufficient_context_or_segmentation;
05F8;alignment_incomplete;CA:816B;The women of our kind ⏎  become the Tree, and the ⏎  protectors of the world.;non;CA:7C98: insufficient_lexical_confidence | CA:7D08: ambiguous_exact_duplicates_with_different_french | CA:8323: insufficient_context_or_segmentation | CA:833E: insufficient_context_or_segmentation | CA:8368: insufficient_context_or_segmentation | CA:844F: insufficient_context_or_segmentation | CA:854C: insufficient_context_or_segmentation;
05F8;alignment_incomplete;CA:81B7;⏎  The men wield the Sword, ⏎  and protect against evil!;non;CA:7C98: insufficient_lexical_confidence | CA:7D08: ambiguous_exact_duplicates_with_different_french | CA:8323: insufficient_context_or_segmentation | CA:833E: insufficient_context_or_segmentation | CA:8368: insufficient_context_or_segmentation | CA:844F: insufficient_context_or_segmentation | CA:854C: insufficient_context_or_segmentation;
05F8;alignment_incomplete;CA:81EF;You must stop the Fortress. Mana is weak, and its ⏎  shields are down.;non;CA:7C98: insufficient_lexical_confidence | CA:7D08: ambiguous_exact_duplicates_with_different_french | CA:8323: insufficient_context_or_segmentation | CA:833E: insufficient_context_or_segmentation | CA:8368: insufficient_context_or_segmentation | CA:844F: insufficient_context_or_segmentation | CA:854C: insufficient_context_or_segmentation;
05F8;alignment_incomplete;CA:8236;⏎  With my last energy, I will summon the power of the ⏎  Seeds of Mana...;non;CA:7C98: insufficient_lexical_confidence | CA:7D08: ambiguous_exact_duplicates_with_different_french | CA:8323: insufficient_context_or_segmentation | CA:833E: insufficient_context_or_segmentation | CA:8368: insufficient_context_or_segmentation | CA:844F: insufficient_context_or_segmentation | CA:854C: insufficient_context_or_segmentation;
05F8;alignment_incomplete;CA:828E;⏎   Sword power at maximum!;non;CA:7C98: insufficient_lexical_confidence | CA:7D08: ambiguous_exact_duplicates_with_different_french | CA:8323: insufficient_context_or_segmentation | CA:833E: insufficient_context_or_segmentation | CA:8368: insufficient_context_or_segmentation | CA:844F: insufficient_context_or_segmentation | CA:854C: insufficient_context_or_segmentation;
05F8;alignment_incomplete;CA:82AD;MANA TREE:...;non;CA:7C98: insufficient_lexical_confidence | CA:7D08: ambiguous_exact_duplicates_with_different_french | CA:8323: insufficient_context_or_segmentation | CA:833E: insufficient_context_or_segmentation | CA:8368: insufficient_context_or_segmentation | CA:844F: insufficient_context_or_segmentation | CA:854C: insufficient_context_or_segmentation;
05F8;alignment_incomplete;CA:82BC;... ⏎  I'm sorry. I haven't been ⏎  much of a mother to you...;non;CA:7C98: insufficient_lexical_confidence | CA:7D08: ambiguous_exact_duplicates_with_different_french | CA:8323: insufficient_context_or_segmentation | CA:833E: insufficient_context_or_segmentation | CA:8368: insufficient_context_or_segmentation | CA:844F: insufficient_context_or_segmentation | CA:854C: insufficient_context_or_segmentation;
05F8;alignment_incomplete;CA:8300;:Mother! ⏎;non;CA:7C98: insufficient_lexical_confidence | CA:7D08: ambiguous_exact_duplicates_with_different_french | CA:8323: insufficient_context_or_segmentation | CA:833E: insufficient_context_or_segmentation | CA:8368: insufficient_context_or_segmentation | CA:844F: insufficient_context_or_segmentation | CA:854C: insufficient_context_or_segmentation;
05F8;alignment_incomplete;CA:830C;Is that REALLY you?;non;CA:7C98: insufficient_lexical_confidence | CA:7D08: ambiguous_exact_duplicates_with_different_french | CA:8323: insufficient_context_or_segmentation | CA:833E: insufficient_context_or_segmentation | CA:8368: insufficient_context_or_segmentation | CA:844F: insufficient_context_or_segmentation | CA:854C: insufficient_context_or_segmentation;
05F8;alignment_incomplete;CA:8323;⏎  Please..!;oui;CA:7C98: insufficient_lexical_confidence | CA:7D08: ambiguous_exact_duplicates_with_different_french | CA:8323: insufficient_context_or_segmentation | CA:833E: insufficient_context_or_segmentation | CA:8368: insufficient_context_or_segmentation | CA:844F: insufficient_context_or_segmentation | CA:854C: insufficient_context_or_segmentation;
05F8;alignment_incomplete;CA:833E;...mother?;oui;CA:7C98: insufficient_lexical_confidence | CA:7D08: ambiguous_exact_duplicates_with_different_french | CA:8323: insufficient_context_or_segmentation | CA:833E: insufficient_context_or_segmentation | CA:8368: insufficient_context_or_segmentation | CA:844F: insufficient_context_or_segmentation | CA:854C: insufficient_context_or_segmentation;
05F8;alignment_incomplete;CA:834B;⏎  Why won't you talk to me?;non;CA:7C98: insufficient_lexical_confidence | CA:7D08: ambiguous_exact_duplicates_with_different_french | CA:8323: insufficient_context_or_segmentation | CA:833E: insufficient_context_or_segmentation | CA:8368: insufficient_context_or_segmentation | CA:844F: insufficient_context_or_segmentation | CA:854C: insufficient_context_or_segmentation;
05F8;alignment_incomplete;CA:8368;⏎  Mother!!;oui;CA:7C98: insufficient_lexical_confidence | CA:7D08: ambiguous_exact_duplicates_with_different_french | CA:8323: insufficient_context_or_segmentation | CA:833E: insufficient_context_or_segmentation | CA:8368: insufficient_context_or_segmentation | CA:844F: insufficient_context_or_segmentation | CA:854C: insufficient_context_or_segmentation;
05F8;alignment_incomplete;CA:838A;:Mother...;non;CA:7C98: insufficient_lexical_confidence | CA:7D08: ambiguous_exact_duplicates_with_different_french | CA:8323: insufficient_context_or_segmentation | CA:833E: insufficient_context_or_segmentation | CA:8368: insufficient_context_or_segmentation | CA:844F: insufficient_context_or_segmentation | CA:854C: insufficient_context_or_segmentation;
05F8;alignment_incomplete;CA:8396;my... ⏎;non;CA:7C98: insufficient_lexical_confidence | CA:7D08: ambiguous_exact_duplicates_with_different_french | CA:8323: insufficient_context_or_segmentation | CA:833E: insufficient_context_or_segmentation | CA:8368: insufficient_context_or_segmentation | CA:844F: insufficient_context_or_segmentation | CA:854C: insufficient_context_or_segmentation;
05F8;alignment_incomplete;CA:83A4;this is nuts!;non;CA:7C98: insufficient_lexical_confidence | CA:7D08: ambiguous_exact_duplicates_with_different_french | CA:8323: insufficient_context_or_segmentation | CA:833E: insufficient_context_or_segmentation | CA:8368: insufficient_context_or_segmentation | CA:844F: insufficient_context_or_segmentation | CA:854C: insufficient_context_or_segmentation;
05F8;alignment_incomplete;CA:83BA;Snap out of it! She's asked us to do something!;non;CA:7C98: insufficient_lexical_confidence | CA:7D08: ambiguous_exact_duplicates_with_different_french | CA:8323: insufficient_context_or_segmentation | CA:833E: insufficient_context_or_segmentation | CA:8368: insufficient_context_or_segmentation | CA:844F: insufficient_context_or_segmentation | CA:854C: insufficient_context_or_segmentation;
05F8;alignment_incomplete;CA:83F0;doesn't have a mother,;non;CA:7C98: insufficient_lexical_confidence | CA:7D08: ambiguous_exact_duplicates_with_different_french | CA:8323: insufficient_context_or_segmentation | CA:833E: insufficient_context_or_segmentation | CA:8368: insufficient_context_or_segmentation | CA:844F: insufficient_context_or_segmentation | CA:854C: insufficient_context_or_segmentation;
05F8;alignment_incomplete;CA:8414;and neither do I!;non;CA:7C98: insufficient_lexical_confidence | CA:7D08: ambiguous_exact_duplicates_with_different_french | CA:8323: insufficient_context_or_segmentation | CA:833E: insufficient_context_or_segmentation | CA:8368: insufficient_context_or_segmentation | CA:844F: insufficient_context_or_segmentation | CA:854C: insufficient_context_or_segmentation;
05F8;alignment_incomplete;CA:8445;sorry...;non;CA:7C98: insufficient_lexical_confidence | CA:7D08: ambiguous_exact_duplicates_with_different_french | CA:8323: insufficient_context_or_segmentation | CA:833E: insufficient_context_or_segmentation | CA:8368: insufficient_context_or_segmentation | CA:844F: insufficient_context_or_segmentation | CA:854C: insufficient_context_or_segmentation;
05F8;alignment_incomplete;CA:844F;I'll ⏎  be okay.;oui;CA:7C98: insufficient_lexical_confidence | CA:7D08: ambiguous_exact_duplicates_with_different_french | CA:8323: insufficient_context_or_segmentation | CA:833E: insufficient_context_or_segmentation | CA:8368: insufficient_context_or_segmentation | CA:844F: insufficient_context_or_segmentation | CA:854C: insufficient_context_or_segmentation;
05F8;alignment_incomplete;CA:8471;:I've got a lot to ⏎  live up to, and we've a ⏎  big job ahead.;non;CA:7C98: insufficient_lexical_confidence | CA:7D08: ambiguous_exact_duplicates_with_different_french | CA:8323: insufficient_context_or_segmentation | CA:833E: insufficient_context_or_segmentation | CA:8368: insufficient_context_or_segmentation | CA:844F: insufficient_context_or_segmentation | CA:854C: insufficient_context_or_segmentation;
05F8;alignment_incomplete;CA:84B9;:Now you're talking ⏎  number one!;non;CA:7C98: insufficient_lexical_confidence | CA:7D08: ambiguous_exact_duplicates_with_different_french | CA:8323: insufficient_context_or_segmentation | CA:833E: insufficient_context_or_segmentation | CA:8368: insufficient_context_or_segmentation | CA:844F: insufficient_context_or_segmentation | CA:854C: insufficient_context_or_segmentation;
05F8;alignment_incomplete;CA:84DE;:Yeah! I feel like ⏎  I just met my mom too! ⏎  I know she's in my heart!;non;CA:7C98: insufficient_lexical_confidence | CA:7D08: ambiguous_exact_duplicates_with_different_french | CA:8323: insufficient_context_or_segmentation | CA:833E: insufficient_context_or_segmentation | CA:8368: insufficient_context_or_segmentation | CA:844F: insufficient_context_or_segmentation | CA:854C: insufficient_context_or_segmentation;
05F8;alignment_incomplete;CA:8528;:All right! Let's ⏎  do it!;non;CA:7C98: insufficient_lexical_confidence | CA:7D08: ambiguous_exact_duplicates_with_different_french | CA:8323: insufficient_context_or_segmentation | CA:833E: insufficient_context_or_segmentation | CA:8368: insufficient_context_or_segmentation | CA:844F: insufficient_context_or_segmentation | CA:854C: insufficient_context_or_segmentation;
05F8;alignment_incomplete;CA:854C;Yeah!;oui;CA:7C98: insufficient_lexical_confidence | CA:7D08: ambiguous_exact_duplicates_with_different_french | CA:8323: insufficient_context_or_segmentation | CA:833E: insufficient_context_or_segmentation | CA:8368: insufficient_context_or_segmentation | CA:844F: insufficient_context_or_segmentation | CA:854C: insufficient_context_or_segmentation;
0602;alignment_incomplete;CA:85CC;Gaia's Navel;non;CA:85DD: insufficient_context_or_segmentation;
0602;alignment_incomplete;CA:85DD;Kippo Village ⏎;oui;CA:85DD: insufficient_context_or_segmentation;
0603;alignment_incomplete;CA:85FC;Topaz Falls;oui;CA:85FC: insufficient_lexical_confidence;
0609;alignment_incomplete;CA:8690;Haunted Forest;oui;CA:8690: insufficient_lexical_confidence;
0609;alignment_incomplete;CA:86A5;Gaia's Navel;non;CA:8690: insufficient_lexical_confidence;
060A;alignment_incomplete;CA:86B5;Water Palace;oui;CA:86B5: ambiguous_exact_duplicates_with_different_french;
060B;alignment_incomplete;CA:86C3;Kingdom of Pandora;oui;CA:86C3: insufficient_context_or_segmentation;
065F;simulator_rejected;CA:8967;NEKO:Purrrr, it's cold! ⏎  Save your game? Or?;non;"UNSUPPORTED_LAYOUT_COMMAND: Simulator does not yet model CHOICE_BEGIN ; event must remain review-only. | UNSUPPORTED_LAYOUT_COMMAND: Simulator does not yet model CHOICE_OPTION 05; event must remain review-only. | UNSUPPORTED_LAYOUT_COMMAND: Simulator does not yet model CHOICE_OPTION 0C; event must remain review-only. | UNSUPPORTED_LAYOUT_COMMAND: Simulator does not yet model CHOICE_OPTION 12; event must remain review-only. | UNSUPPORTED_LAYOUT_COMMAND: Simulator does not yet model CHOICE_END ; event must remain review-only.";
065F;simulator_rejected;CA:899C;Save;non;"UNSUPPORTED_LAYOUT_COMMAND: Simulator does not yet model CHOICE_BEGIN ; event must remain review-only. | UNSUPPORTED_LAYOUT_COMMAND: Simulator does not yet model CHOICE_OPTION 05; event must remain review-only. | UNSUPPORTED_LAYOUT_COMMAND: Simulator does not yet model CHOICE_OPTION 0C; event must remain review-only. | UNSUPPORTED_LAYOUT_COMMAND: Simulator does not yet model CHOICE_OPTION 12; event must remain review-only. | UNSUPPORTED_LAYOUT_COMMAND: Simulator does not yet model CHOICE_END ; event must remain review-only.";
065F;simulator_rejected;CA:89A2;Buy;non;"UNSUPPORTED_LAYOUT_COMMAND: Simulator does not yet model CHOICE_BEGIN ; event must remain review-only. | UNSUPPORTED_LAYOUT_COMMAND: Simulator does not yet model CHOICE_OPTION 05; event must remain review-only. | UNSUPPORTED_LAYOUT_COMMAND: Simulator does not yet model CHOICE_OPTION 0C; event must remain review-only. | UNSUPPORTED_LAYOUT_COMMAND: Simulator does not yet model CHOICE_OPTION 12; event must remain review-only. | UNSUPPORTED_LAYOUT_COMMAND: Simulator does not yet model CHOICE_END ; event must remain review-only.";
065F;simulator_rejected;CA:89A7;Sell );non;"UNSUPPORTED_LAYOUT_COMMAND: Simulator does not yet model CHOICE_BEGIN ; event must remain review-only. | UNSUPPORTED_LAYOUT_COMMAND: Simulator does not yet model CHOICE_OPTION 05; event must remain review-only. | UNSUPPORTED_LAYOUT_COMMAND: Simulator does not yet model CHOICE_OPTION 0C; event must remain review-only. | UNSUPPORTED_LAYOUT_COMMAND: Simulator does not yet model CHOICE_OPTION 12; event must remain review-only. | UNSUPPORTED_LAYOUT_COMMAND: Simulator does not yet model CHOICE_END ; event must remain review-only.";
066B;alignment_incomplete;CA:8A79;Be gone!;oui;CA:8A79: insufficient_context_or_segmentation | CA:8A8A: insufficient_context_or_segmentation;
066B;alignment_incomplete;CA:8A8A;Well? ⏎;oui;CA:8A79: insufficient_context_or_segmentation | CA:8A8A: insufficient_context_or_segmentation;
066B;alignment_incomplete;CA:8A96;Yes;non;CA:8A79: insufficient_context_or_segmentation | CA:8A8A: insufficient_context_or_segmentation;
066B;alignment_incomplete;CA:8A9B;No  );non;CA:8A79: insufficient_context_or_segmentation | CA:8A8A: insufficient_context_or_segmentation;
066F;alignment_incomplete;CA:8E0B;...SCRAM..!;oui;CA:8E0B: insufficient_context_or_segmentation;
067E;alignment_incomplete;CA:8E72;Found 1000 GP!;oui;CA:8E72: insufficient_lexical_confidence;
067F;alignment_incomplete;CA:8E8F;Found 50 GP!;oui;CA:8E8F: insufficient_lexical_confidence;
0689;alignment_incomplete;CA:8F20;Found the Whip!;oui;CA:8F20: insufficient_context_or_segmentation;
07FA;alignment_incomplete;CA:979D;them;oui;CA:979D: insufficient_lexical_confidence;
07FB;alignment_incomplete;CA:97A8;them;oui;CA:97A8: insufficient_lexical_confidence;
07FD;alignment_incomplete;CA:97B2;MAN:Hang on! ⏎  I'll help you!;oui;CA:97B2: insufficient_lexical_confidence | CA:97D1: insufficient_context_or_segmentation;
07FD;alignment_incomplete;CA:97D1;Clear your mind, wait ⏎  'till you have 100% power, ⏎  and aim carefully!;oui;CA:97B2: insufficient_lexical_confidence | CA:97D1: insufficient_context_or_segmentation;
07FE;alignment_incomplete;CA:982E;... wake up... ⏎   You must not ⏎   fall down now...;oui;CA:982E: insufficient_lexical_confidence;
07FE;alignment_incomplete;CA:986B;Oooh! What in blazes...?;non;CA:982E: insufficient_lexical_confidence;
07FF;alignment_incomplete;CA:98B2;Sadly, no trace of;oui;CA:98B2: insufficient_lexical_confidence | CA:98C8: insufficient_lexical_confidence;
07FF;alignment_incomplete;CA:98C8;⏎  was ever found...;oui;CA:98B2: insufficient_lexical_confidence | CA:98C8: insufficient_lexical_confidence;
